node,in_degree,out_degree
60948486,2,1
60948490,1,1
60948494,2,2
60948500,1,1
60948502,2,2
60948508,1,2
1448542252,2,2
251396141,2,1
21758007,2,2
649527377,2,2
1448542296,2,2
1448542303,2,1
248217699,1,2
248217700,1,1
248217701,1,2
7438440,2,1
248217705,1,2
248217706,2,1
248217715,2,1
7438452,3,2
248217723,2,1
248217731,2,1
301629595,1,1
274825373,2,1
3909353631,1,1
3909353632,1,1
267223201,1,1
1123483817,3,2
1123483818,2,3
476971178,1,1
75890864,1,2
529170634,2,3
1565917395,2,1
529170658,3,2
177635554,1,2
274825445,1,2
529170665,2,3
736592111,1,1
60195060,1,2
529170675,2,2
529170680,1,1
472613118,1,1
2923462918,1,1
177602845,1,1
529170723,3,2
472613165,1,1
3356590384,1,2
1486127410,2,1
60621126,2,2
151028068,1,1
181764461,3,2
125075834,2,1
26608001,1,1
237699480,1,1
31949215,1,1
181764519,1,1
237699517,1,1
1075904970,1,1
602603979,1,1
429785550,1,1
181764559,1,2
255885776,2,2
255885778,2,1
26608084,1,2
31949268,1,2
602603990,1,1
429785554,1,1
429785552,2,2
33325533,1,1
26608099,2,1
261095925,1,1
261095930,2,2
2538504700,2,1
181764606,3,2
147816962,2,1
30704136,1,2
30704152,1,1
736592425,1,1
76579373,1,1
30704176,2,1
76579380,2,2
269419062,1,2
2351825462,2,2
76579387,2,2
76579392,1,2
252805710,1,1
105611859,1,1
2022081118,1,2
3172467322,1,1
1576895115,2,1
295586,1,1
295587,1,1
295588,1,1
281805481,1,2
295599,1,1
281805492,2,2
281805502,1,1
6975455945,1,1
2159805129,2,2
255886027,1,1
281805519,2,1
262868,1,1
281805532,1,2
717554407,1,2
1099465448,2,1
1802985,2,3
5483135723,2,1
262896,2,1
5483135729,1,2
183272182,1,1
281805559,2,2
281805565,2,2
281805567,1,1
1099465477,1,2
2029224717,1,1
2029224720,1,1
281805584,2,1
281805590,1,1
96994072,2,2
251069215,2,1
281805608,2,1
281805615,1,1
281805639,2,2
21758792,1,1
281805661,2,1
177603424,1,1
160400250,1,1
264012680,1,1
264012684,2,2
267584398,1,1
264012690,2,1
267584413,2,2
270369709,1,1
261587895,1,1
3164275658,1,1
261587921,1,1
270369754,1,1
31949788,1,2
247366623,1,1
142738408,2,1
304874478,1,1
1642890233,1,1
597328890,2,1
364938236,2,2
6991447041,2,2
907183115,2,2
12452885,1,2
313951270,1,1
959579184,1,1
21300290,1,2
1803334,2,3
301761611,2,1
3152774223,1,1
3152774225,1,1
12452969,2,1
3152807026,1,1
355501182,1,1
320046210,1,2
5538120835,1,1
14779526,2,2
14779533,1,1
467764369,1,1
293536959,1,1
243664094,1,1
243664095,1,1
178881765,1,2
243664103,1,2
243664106,2,1
427250,1,1
427257,2,2
264504570,2,2
427260,1,2
264504572,3,2
242058499,1,1
130254090,2,2
264504592,2,3
242058512,2,2
130254100,2,3
27428120,1,2
369853725,1,1
265782559,2,2
265782560,3,2
265782561,1,1
17073440,2,1
265782565,2,2
427301,2,1
129959213,2,2
302613807,2,2
129959223,2,1
60261692,2,2
302613821,1,1
1944618306,1,1
129959235,1,1
2981496138,2,1
129959249,1,2
129959255,2,1
302613848,2,1
302613849,1,2
301761879,2,1
3033793882,2,1
6557336920,1,1
302613854,1,2
3331130718,2,2
254018913,2,1
30770530,3,2
6021449059,1,1
302613859,2,2
302613861,1,1
129959272,1,1
6021449066,2,2
302613869,2,1
25855362,1,1
417465743,2,1
160400793,2,2
6787270047,1,1
3317597610,2,2
25855420,2,1
25855443,1,2
399181292,1,1
294159856,1,2
25921008,1,1
12977714,2,1
12977721,2,1
399181371,1,1
12977739,2,1
70977106,1,1
1165723225,1,1
301762153,1,2
4184409717,1,1
31065719,1,1
26609271,1,2
588514935,2,1
1379632771,2,1
1379632772,2,2
1379632781,2,2
1379632783,1,2
2164131483,1,1
1944618653,1,1
363595424,2,2
1440417453,1,2
1440417460,2,1
160401076,1,2
60196545,1,1
293242577,1,1
245040850,2,1
197756649,2,2
293242603,2,2
17204988,1,1
319522557,1,1
319522565,1,1
197756682,2,1
319522577,1,1
21759781,2,2
178882368,2,1
21759812,1,2
21759816,2,3
197756747,2,2
197756756,1,2
277251926,2,2
88278884,3,3
88278892,2,3
197461915,2,1
88278955,3,3
292292529,2,1
160401330,2,1
279873463,2,1
2223540170,2,2
297502670,2,2
267880398,2,2
297502673,1,2
297502674,1,2
297502682,2,2
297502685,1,1
197461981,2,1
297502687,2,2
297502692,2,1
129959909,1,1
277350380,1,1
292292593,1,1
428041,3,2
428050,2,3
428052,2,3
428053,2,2
428054,3,2
3065972758,1,1
248154136,2,1
428056,3,2
428060,1,1
10258463,2,2
10258465,2,2
277350438,1,1
130156604,3,2
492767307,1,2
492767312,2,2
177637461,1,1
562792536,1,2
194054238,3,2
492767330,1,1
492767335,2,1
4090660982,2,2
178948216,1,1
2363164794,1,2
17205380,1,1
307628167,2,3
21039252,1,1
332073109,2,2
332073127,1,1
59771060,2,2
59771069,2,2
59771076,2,2
60197067,2,2
2976286925,2,3
181635287,2,2
457476327,2,1
1694730472,1,1
268339431,1,1
268339432,1,1
485230828,2,2
3140651246,2,2
82741492,2,1
485230838,2,2
114264331,2,2
1935634,2,2
1935639,1,1
114264355,1,2
177539364,1,1
1089505582,1,1
114264370,2,1
276924733,1,1
27658558,2,3
276924735,1,1
27658563,2,3
12454218,1,1
348653900,1,1
12454239,2,1
4649224545,1,1
12454243,1,2
12454247,2,2
12454249,2,2
258509162,1,1
256936302,1,1
2106263919,2,2
267880813,2,2
258509165,2,1
267880821,1,2
258509173,2,3
95717759,1,1
256018816,1,1
2118977927,2,1
2118977931,2,2
1985776024,2,2
267880862,2,1
313035173,1,1
267880874,3,3
271780284,1,2
256018890,2,2
2503674328,1,1
256018910,1,1
2465729002,2,2
177605112,1,2
177605113,2,1
320113158,1,1
286525970,1,1
256018971,1,1
256018976,1,1
299731489,1,1
290261543,2,2
3152775728,2,1
666143313,2,2
2099284564,2,2
41716315,1,1
256019043,1,2
17205863,2,3
41716332,1,1
312412782,2,2
21105297,1,2
41716372,1,1
109709988,1,1
21105331,1,1
413698740,2,1
413698741,1,2
413698742,1,2
41716427,1,1
41716429,1,1
21105360,1,2
41716441,1,1
41716444,1,1
21105384,1,1
41716459,1,1
41716463,1,1
177605358,1,1
2739440369,2,2
293473020,1,1
293473023,1,1
2788494083,2,2
288525059,1,2
2788494086,1,2
293473033,2,1
293473035,1,1
1015974678,1,1
1557367577,1,2
26020637,2,1
2302937903,1,1
1557367602,1,2
2576124723,1,1
2260306740,2,2
1816464182,1,1
1557367604,1,2
652806969,1,1
1015974716,1,1
2349075261,2,2
1015974720,1,1
11307843,1,1
148933445,1,1
2046495568,1,2
1372359529,1,1
5572889466,1,1
1557367675,2,2
177539966,2,1
258509694,2,2
5572889480,1,1
177539988,1,1
387451801,2,3
387451819,2,2
178949038,1,1
376015791,2,1
27069361,1,1
1557367732,2,1
21760961,2,1
1089506246,1,1
27069384,1,1
27069385,1,1
1557367753,1,1
249072592,2,3
27069393,1,1
320146386,2,2
249072598,3,2
320146398,1,1
27069416,1,1
1596656617,1,1
177540072,1,2
1937804267,1,1
265197,1,1
430410734,1,1
27069426,2,1
430410737,1,1
570264582,3,2
1484524554,2,1
269716492,1,2
1596656653,1,2
1596656675,1,1
14388263,2,1
14388264,1,2
21531699,1,1
12454966,1,2
12454974,1,1
292949057,2,2
331484247,1,1
1648594009,1,1
317361247,1,1
1372359775,1,1
429198436,2,2
319491172,1,1
319491178,1,1
69536879,2,2
2130873481,2,1
1438682272,2,1
3152809131,1,2
177507499,2,1
2130873530,2,1
3126725831,2,2
12455112,1,1
12455113,1,1
1107332302,1,1
3221818588,1,2
265437,1,1
265441,1,1
12455138,1,1
461573350,2,2
1107332328,1,1
12455146,1,1
2214530313,1,1
268340498,1,1
1467944212,2,1
1692306712,1,1
75664669,1,1
1572998454,1,2
3005910326,2,2
3291843901,1,2
12455233,2,1
2375945541,2,2
10718542,2,2
12455248,2,1
319524198,1,1
319524203,1,1
1618939251,2,2
265653622,2,2
308219301,2,2
3316583849,2,2
308219306,2,1
119803319,1,1
1058803144,1,1
1058803189,1,1
69471735,1,2
352685565,1,1
352685570,1,1
366546436,1,1
366546441,1,1
2983431693,1,1
257363475,2,2
260214293,1,1
257363479,3,2
257363480,1,1
1058803232,1,1
244420137,3,3
244420164,2,1
244420171,1,2
61083214,1,1
399216218,1,1
271421025,1,2
632327791,2,3
2490994298,1,1
6032199292,1,1
6032199298,1,1
292949649,3,2
319524511,1,1
319524516,1,1
1913949867,2,1
2062356139,1,1
206114497,1,1
988778188,1,1
3172437713,2,1
445189856,1,1
445189860,1,2
3316584168,2,2
278728429,1,2
278728440,2,2
293441274,1,1
1677692667,1,1
3137244925,1,1
293441279,1,1
289214210,2,2
278728462,2,2
29986581,2,1
319754004,1,1
278728470,2,2
2670104347,1,1
319754012,1,1
57872157,2,2
3336441637,1,1
2462093096,2,2
533827375,3,2
278728497,1,1
30674752,1,1
30674756,2,2
321392454,1,2
544968548,2,2
248844141,1,1
544968574,2,2
106139523,1,1
482643845,2,3
544968583,1,1
2421919624,2,3
662474633,3,2
482643849,3,2
106139531,2,2
662474639,2,2
1550749584,2,1
662474647,2,3
256872344,1,1
106139547,2,1
17305510,1,2
232722366,2,2
662474692,2,2
21532629,1,1
21532630,1,1
177508323,2,2
177508324,2,1
267882467,1,2
272044016,1,1
267882484,2,1
267882487,1,2
1366986744,2,1
1366986751,2,1
1366986753,1,2
1366986756,2,2
1713967110,1,1
267882500,2,1
271421450,1,1
268341265,1,2
268341268,2,1
1366986773,1,1
1366986774,2,2
1366986775,2,2
2422149148,1,1
1713967134,1,1
8851497,1,1
69472343,2,2
2539327578,2,2
373526623,2,2
1440419952,1,2
25530491,2,1
90476722,2,2
90476727,2,1
90476733,1,2
2422313150,2,2
1694437593,1,2
1679823070,2,1
84775147,2,1
240783596,1,1
1694437613,2,2
331485440,1,2
177508619,1,2
148934925,2,1
25301268,2,2
309596437,2,2
25301269,1,1
703861020,2,2
148934942,2,2
21729570,1,1
148934948,1,1
30216493,1,1
703861042,1,1
316084534,1,1
703861054,2,2
1679823169,2,1
1061785924,2,2
21729614,2,2
3164279122,2,1
97620308,2,2
27365732,2,2
27365734,2,2
97620330,1,1
293441900,1,1
97620337,2,1
1281954197,1,1
430608791,1,1
68850072,1,1
363565466,1,1
301502877,1,1
68850082,1,1
260411813,1,1
1806766,1,1
75665850,1,2
374149567,1,1
2822593,1,1
2043187660,2,1
1641583092,2,1
8851960,1,2
316084728,2,1
472781315,3,2
6875943438,1,1
728338958,1,1
316084764,2,2
281350685,1,2
5638525503,1,1
1559106118,1,1
313397832,1,1
1559106139,1,1
808489572,3,2
198316650,1,2
281219705,1,1
298717817,2,2
298717819,2,1
298717821,1,2
3140915841,2,1
298717829,2,2
298717832,2,1
298717833,1,2
107745971,2,1
3053720250,2,1
269587131,3,2
207098558,1,1
3053720256,1,1
268341962,1,1
268341968,1,1
17208023,1,2
21140190,1,2
3033797344,2,2
271422187,1,1
30413580,1,2
1130763024,1,1
30413584,2,2
30413593,1,1
1708692253,2,2
301503262,1,1
936645416,1,1
1649447722,1,2
301503279,1,1
2587366200,1,2
270996283,2,1
1649447743,2,1
248484684,1,2
1708692320,2,1
1649447776,2,1
1559106411,1,1
1649447803,1,2
1649447805,2,1
4716893078,1,1
4716893096,1,1
365486,2,2
331486138,2,2
331486148,2,1
129962949,1,1
293442507,1,1
298488780,2,2
293442514,1,1
1595216861,1,2
294163426,2,2
294163431,2,2
294163434,2,2
294163435,1,1
371463149,3,2
221549574,1,2
885855241,2,2
1595216908,2,2
1595216913,1,1
1642927123,1,1
198251544,1,1
17306650,1,2
1966674975,1,1
1607570479,1,2
1607570480,1,2
885855280,2,2
2066027586,2,2
484709447,1,1
198251596,2,2
43586638,1,1
484709473,1,1
267883621,1,2
75666534,2,2
267883627,2,2
2599851142,1,1
267883680,1,1
17208482,2,2
270439586,2,2
675484839,1,1
3148944552,1,1
270439594,1,1
178984120,1,2
234691,1,2
369726661,2,1
667325638,1,1
667325639,1,1
267130082,1,1
2009011429,2,2
252646633,1,1
2009011438,1,1
267130099,2,3
267130103,2,2
2009011446,2,2
1163728134,1,1
293246223,1,1
8852765,2,1
177673506,3,3
8852775,1,1
2599851304,1,1
289215798,2,2
1644631372,2,2
1644631390,1,1
21763425,1,1
324900220,1,1
595330,2,2
595332,1,1
119510405,1,1
279319941,2,3
279319945,2,1
324900239,1,1
320542097,2,2
1687066002,1,2
595349,1,2
3298137505,1,1
871601582,3,3
289215923,1,1
475895219,1,1
88905136,1,1
249435583,2,2
267713,2,1
267718,1,2
249435592,2,2
267723,2,1
249435594,2,2
249435597,2,1
307828174,1,1
6033577423,1,1
475895247,1,2
249435602,1,2
475895254,2,2
267735,1,1
21370328,1,1
25531874,2,2
15832557,1,1
21370352,1,2
106370593,1,2
106370595,2,2
439227942,1,1
7057315367,1,1
270374439,1,2
1520932406,1,1
24548926,1,1
106370656,2,1
278206059,1,1
278206065,1,1
398976,1,2
2735773320,1,2
27334283,2,1
1221793420,2,2
398990,1,2
2735773328,1,1
398992,2,2
399017,1,1
399040,2,1
281351874,2,1
399044,2,2
399051,1,1
1839044303,2,2
399068,1,2
1839044317,2,2
254482149,1,1
27072233,1,2
27072234,2,1
27367151,1,2
1186928368,1,1
10786547,1,1
27072246,1,1
27072248,2,2
27072251,1,1
27072253,2,2
254482188,1,1
269326096,2,1
196417299,2,1
269326100,2,2
2342229786,1,1
516462365,1,1
271423263,1,1
256612127,2,1
2342229793,1,2
256612130,2,2
2342229800,2,1
196417320,2,2
20420418,1,1
20420427,2,2
20420429,2,1
1186928464,1,1
399187,3,3
399188,3,3
196417365,2,1
399197,2,2
15832933,1,2
1439045488,1,1
1439045492,1,1
399226,3,2
399232,1,1
82745221,1,2
24221575,1,2
21731216,2,2
355571614,1,2
1534039967,2,2
355571631,2,1
2112493513,1,2
2112493519,2,1
270800853,1,2
291182552,2,2
270800860,1,1
270800875,2,2
2362677235,2,2
10786804,1,2
2112493561,2,1
235513,1,1
2362677249,2,2
235522,1,1
178952201,2,1
270800917,1,1
2112493591,1,1
270800922,2,2
2164889641,2,2
1833539637,2,1
110434360,2,1
235576,2,1
2164889673,2,2
21731409,1,1
78551123,2,2
21731412,1,1
341743702,1,1
78551133,1,1
178985063,2,2
178985066,2,1
21043307,1,1
25335917,2,1
26450037,2,3
26450039,2,2
21731449,2,2
2112493691,2,1
310679680,1,2
310679689,2,1
300718235,2,1
25335965,1,2
10787004,2,1
331487424,2,2
178985180,1,2
27433192,1,1
114661622,2,2
25237768,1,2
25237781,1,1
177674541,2,2
180164910,2,1
177674543,2,1
292788538,1,1
17209660,1,1
17209661,1,1
251828545,1,1
17209672,1,2
270768460,1,1
325818711,2,2
1565104481,2,1
289216879,1,1
610572656,1,1
610572655,1,1
17209722,1,1
252156283,1,2
17209725,2,2
7027562878,2,1
17209731,2,1
399748,2,1
399763,1,1
2057673112,1,2
292788635,1,2
307501468,2,1
536680869,2,2
320969127,2,3
292788646,2,2
536680891,1,1
26155459,2,2
1090787780,2,2
27433416,1,2
235977,1,2
235979,1,2
235980,2,1
310155730,2,2
2057673182,2,1
297507302,1,2
297507305,2,2
301767159,2,1
21764600,1,1
21764605,1,2
10787329,1,2
21764611,2,1
10787337,2,1
180165140,2,2
10787352,1,2
343480860,1,1
343480862,2,2
343480868,2,2
319855140,2,3
319855142,2,3
319855147,1,1
1687394860,1,1
319855148,2,2
1370102318,1,1
10787377,2,2
319855156,2,2
236086,2,1
319855160,2,3
1687394882,1,1
236116,1,1
236131,2,1
2057673317,1,1
236142,1,2
236143,2,1
3326319219,1,1
3668613748,2,2
236161,1,1
236162,1,1
236167,1,1
236182,1,2
236185,2,1
236188,1,2
236189,2,1
236190,1,2
236192,1,1
236193,1,1
236195,1,1
236198,2,1
236208,1,2
236211,3,3
343481012,1,1
5905079,2,1
236229,2,3
236230,3,2
236231,2,2
236234,1,1
5905100,2,1
236238,1,1
236244,2,2
5905109,1,1
5905113,2,1
2487917276,1,1
248552158,1,1
248552162,2,2
248552164,2,1
5905125,1,2
248552166,1,2
248552167,1,2
5905129,1,2
248552170,2,2
1618156268,1,2
248552174,1,1
1618156278,1,2
21961476,1,1
21961479,2,1
137994,1,1
1085348625,2,2
221518614,2,1
1965398813,1,1
1965398841,1,1
374217530,1,1
154868546,2,1
374217538,1,2
154868564,3,3
38083413,1,1
564059,1,2
564060,2,1
564062,2,1
25074528,2,3
180165473,1,2
564068,1,1
310680421,1,1
310680422,1,2
20421481,1,2
20421482,2,2
310680429,2,1
20421487,2,2
20421488,1,1
20421497,2,1
334732163,1,1
4284980105,2,2
138131,1,1
138136,1,1
564121,1,1
24517533,2,2
564127,1,1
564129,1,1
268573602,1,2
69475235,2,2
24517540,1,2
564134,1,1
564138,1,1
564144,1,1
24517556,2,1
564148,1,1
564156,1,1
25074628,1,1
564169,1,1
2164104142,2,2
564183,1,2
25074650,2,2
25369573,2,2
25369574,2,1
70917097,1,1
138219,1,1
2164104183,1,2
56204304,2,2
56204310,1,1
20913177,2,2
20913179,1,2
3339394076,2,2
281254943,1,1
180395046,2,2
2164104235,2,2
638295114,1,1
638295115,1,1
281254993,2,3
138371,1,1
281353356,1,1
264805517,2,2
249502871,1,2
94641311,2,2
15735989,1,1
25599162,1,1
20913353,1,1
594910438,1,1
177675494,1,2
21306614,1,1
330734844,1,1
247045377,1,1
330734854,2,2
330734858,2,3
374217995,2,1
27434254,2,2
236823,2,1
236827,1,1
310156573,3,2
27434271,1,1
59972898,2,1
236842,1,1
270376234,1,1
59972908,2,2
138546,2,2
138552,1,2
138553,2,1
138554,1,2
177478972,2,1
27434301,2,2
138560,2,1
138561,1,2
138574,2,1
138575,1,2
138578,3,2
319528276,1,1
313400662,3,2
319528278,1,1
319528283,1,1
281353564,1,1
335977827,2,1
59972967,2,1
267820396,1,2
25599346,1,1
21732724,1,2
138620,1,2
105618815,1,2
138627,1,1
253271428,2,2
268803461,1,2
253271431,1,1
21732743,2,1
334667145,1,1
105618828,2,2
272801175,1,1
374218135,1,1
21437847,2,2
21437851,2,2
288103836,2,1
21732797,2,1
251829695,1,2
251829696,2,1
251829697,1,1
251829706,1,1
21732810,1,2
2913115597,1,1
2913115599,1,1
251829717,1,1
3671858647,1,1
21306855,1,1
21306856,1,1
650026485,1,1
21306872,1,2
21732856,1,1
650026493,1,1
268344833,2,1
443489838,2,1
2146213432,2,1
335978042,1,2
273489469,2,2
335978052,2,1
36806213,1,2
1550982726,1,2
481238614,1,2
31497826,2,1
21306988,1,2
335978112,2,1
1448386177,2,2
271687296,1,1
367369867,2,2
564881,1,1
10788504,2,1
1583881888,1,2
1448386210,1,1
10788517,2,1
10788530,2,1
597237437,2,3
1582603971,1,1
3316981454,1,2
3291848437,1,1
20946687,1,2
20946688,2,1
20946691,2,2
177479428,1,2
271425302,1,1
20946725,1,2
20946726,2,1
20946749,1,2
20946750,2,1
20946751,2,1
20946762,2,1
20946763,1,2
21307212,1,2
1685004114,1,2
20946772,1,1
1504124758,2,2
124329836,2,1
124329840,1,2
237437,1,2
237440,2,2
237445,2,3
17211293,1,1
2982682527,1,1
237475,2,1
245145513,1,2
3316981676,2,1
245145522,1,1
245145528,1,2
237501,1,2
428908477,1,1
428908478,1,1
428908480,1,2
428908479,2,1
473604034,1,1
237514,1,1
588029903,2,2
5604941776,1,1
901586897,2,2
3316981716,2,1
237527,1,1
237528,1,1
473604058,2,2
5604941790,1,1
5604941794,1,1
260972524,1,1
237549,2,1
269746172,1,1
142745591,1,2
3218710522,2,2
3316621306,2,2
447750138,2,1
3218710529,2,2
258973699,1,1
447750149,1,2
3316621319,2,2
139273,1,1
473604109,2,2
260972561,1,1
21438480,2,2
17211413,3,2
27467801,2,2
27467802,2,1
592519195,1,1
21438486,2,2
139299,1,2
139300,2,1
139302,2,2
592519206,1,1
139305,1,1
247177258,2,2
1468801070,2,3
1099538478,1,2
247177274,1,1
5301313595,1,1
17211455,2,2
592519236,1,1
592519245,1,1
2039887,1,1
2745180239,1,1
270966868,2,1
590815323,1,1
2263294046,2,1
1099538529,1,2
942055532,2,2
270966894,1,2
2232164468,2,2
139392,1,2
2232164480,2,2
139399,2,1
139407,1,1
17211535,2,1
2989891730,2,2
139417,1,2
123412634,1,1
2181046430,2,3
21733535,3,2
901587105,2,2
21733544,1,1
257728685,1,1
1099538607,1,1
2181046445,2,2
303603889,1,2
21733556,2,2
177643706,2,1
434396,1,2
257728735,1,1
434405,2,1
30744807,1,1
30744808,1,2
30744809,2,1
21307620,1,1
434419,2,1
3779207414,2,1
139514,1,1
3779207419,2,1
434430,1,2
434441,1,1
434442,1,1
5906699,1,2
139533,1,2
139534,2,1
434447,2,1
139542,1,2
59220247,1,1
434456,1,2
139544,2,1
139545,1,2
5906718,2,1
434477,1,2
271393072,2,1
139570,1,1
5906736,2,1
139573,1,1
5906759,2,1
5906761,1,2
434527,1,1
120103264,1,2
120103273,1,2
331096431,2,2
177480052,2,1
331096438,1,1
303604087,2,1
271393172,1,1
434597,2,1
2937201070,1,1
434607,1,2
330113465,1,1
895295949,2,2
20914673,1,2
20914674,1,2
26583544,1,1
4596227,2,1
258941445,1,2
1570972171,1,1
4596236,1,1
517677584,1,1
17211922,1,1
69444117,2,1
15933979,2,1
268411422,2,2
269591071,2,2
374219300,1,1
374219308,2,1
2700419640,1,1
2983043643,1,1
31072833,3,2
31072835,2,2
190751330,1,1
30745189,1,1
21635690,1,2
264053355,1,1
30745198,2,1
2002526846,2,2
300589712,2,3
2984223377,2,2
15934120,1,1
1668555435,2,1
279225009,1,1
2149262007,2,1
374219451,2,2
30745276,1,1
268346065,1,1
1423221462,1,2
1423221465,1,2
15934179,1,1
1668555499,2,1
1423221486,2,3
21635825,1,2
196420341,2,1
1668555514,1,1
1582801663,2,1
1423221510,3,2
196420359,2,2
1423221521,3,2
70427410,1,1
330343191,1,1
196420378,2,1
1668555546,1,1
1423221536,2,1
599925545,1,2
373990187,2,1
18031404,1,1
599925548,2,1
1423221557,2,3
1070572343,1,1
30745401,1,2
1423221569,2,1
1582801738,1,2
2484118350,1,1
1423221588,1,2
1423221593,1,2
178955100,1,2
178955105,1,2
1423221608,2,1
1423221612,2,1
268575608,1,2
6979593085,2,1
18031489,1,1
6979593089,2,1
1423221638,1,2
1423221645,1,2
1423221646,3,2
1423221663,2,1
21636005,1,1
247931814,1,2
1423221687,2,1
793617352,2,3
793617354,2,2
18031563,1,1
3317605324,2,2
1423221723,2,3
3317605339,2,2
18031581,1,1
25633759,2,2
1423221730,3,2
533570532,1,1
25633778,2,3
25633781,2,2
99034104,2,1
25633789,2,2
25633790,1,1
1070572541,1,1
1423221762,2,2
25633794,1,1
15934468,1,1
270738451,1,1
270738453,1,1
366552086,1,1
270738458,2,2
15934496,1,1
503129124,2,1
2362778669,3,2
503129140,1,2
21275717,1,1
2040913,1,1
15934546,1,2
38413400,1,1
38413401,1,1
38413402,1,1
38413403,1,1
21275743,1,2
2040927,2,2
2040929,1,2
270443623,2,2
2040940,1,1
15934585,1,1
2040956,1,2
2040958,1,1
1423221888,2,2
2040960,1,1
270443649,1,1
2040964,1,1
659793037,1,2
1175495831,1,1
268182703,1,1
2041019,2,2
2041023,1,1
2041029,1,1
1012278472,1,1
265069771,1,1
2041037,2,2
2788500687,2,2
203597008,1,2
2788500700,1,1
2138940637,2,2
3767280862,2,1
2788500709,1,1
485205256,2,2
97854729,1,2
97854731,2,1
6198797602,1,1
30745898,1,1
30745899,1,1
30745904,2,1
173712689,1,2
30745906,1,2
173712692,2,2
1172415803,2,2
2041172,1,1
362554722,1,1
2041194,2,1
319071617,1,1
24487303,1,1
24487308,1,2
492316070,3,2
492316075,3,2
298722733,2,1
2041263,1,1
52766128,1,1
2372052404,1,1
3777865157,1,1
119481800,2,1
303605198,1,2
298722769,1,1
703047140,1,1
343320051,2,1
178923007,2,1
277653015,1,2
277653016,1,1
277653017,1,1
277653018,1,2
268576289,2,1
3356501541,1,2
277653032,2,1
277653038,2,1
1056515631,1,1
277653048,1,1
1703355964,2,1
1703355967,1,1
177579592,1,1
52766292,1,1
417211996,1,1
492316262,3,3
258352746,1,1
2377524854,1,1
21538425,3,2
21538433,1,1
290268806,2,3
178955911,2,1
178923149,1,2
417212045,1,1
255960734,1,2
1406772895,1,2
2096113315,1,1
2071635628,1,1
3316524717,2,2
3316524718,2,2
269395636,1,1
269395641,1,1
2041534,1,1
2041535,2,2
399091392,1,1
251832019,1,2
251832020,1,1
251832033,2,1
177579746,2,1
1786816245,2,2
175351543,1,1
1786816250,2,2
1786816252,2,1
1786816253,1,2
1786816258,1,1
175351555,2,1
1786816264,2,1
268576523,1,1
27502347,1,2
91563789,2,3
268576527,1,1
91563794,3,2
3314099989,1,1
27240218,2,2
27240219,1,1
316253979,2,3
374220576,1,2
250554146,1,1
250554151,1,1
69478188,1,2
21276465,1,1
317302584,2,1
1052190523,1,1
343320410,2,2
21276514,2,1
21276535,1,2
31172474,1,1
258877307,2,1
249243520,1,2
59975553,2,1
304686996,1,1
316155797,2,3
221521814,1,2
322480031,3,3
33499042,1,1
322480039,1,1
322480052,1,1
669165503,2,1
316254145,3,2
374220741,1,1
1124018120,2,2
538355662,1,2
538355678,2,1
538355679,1,2
538355680,1,2
538355681,2,1
18327531,1,2
427567086,1,1
18327534,2,2
21637107,1,1
363997199,2,1
1562060821,2,2
249309205,1,2
21440533,1,2
1562060825,1,1
21375022,1,2
21375024,2,1
277424202,1,1
316155989,2,2
29075552,2,1
316156011,3,2
59975790,1,2
942057585,1,1
292333682,1,1
59975793,2,1
285419647,2,1
1848551556,1,1
349907078,1,2
3605768337,1,1
29730975,1,1
349907111,2,1
184068271,1,2
331327683,1,1
1607575751,1,1
184068297,1,1
33859805,2,2
33859806,1,1
331098336,2,2
331098340,1,1
26421484,3,2
26421492,3,2
436475,1,2
436476,1,1
2118854915,2,1
59975945,2,1
59975947,2,2
305421,2,1
1059694866,2,1
1059694872,2,1
256944416,1,2
436516,2,1
436517,2,1
297740605,1,2
2112366934,2,2
256944473,2,2
256944477,1,1
17475949,2,1
17475956,1,1
17475968,1,2
249309576,1,1
256944522,1,1
249309579,1,1
197470600,2,2
197470605,2,1
331491726,2,1
482781581,2,2
436632,1,2
96545177,1,2
482781594,1,1
1627466140,1,2
30648734,2,2
197470623,1,2
96545190,1,2
1419749802,2,3
96545194,1,1
436651,3,2
436653,2,3
96545200,2,2
1419749809,3,2
21735858,1,1
197470644,2,2
446048700,1,2
470231485,1,2
197470654,2,1
1590077889,2,1
197470661,1,2
1952459209,3,2
197470667,1,1
1952459219,2,1
2962926038,1,1
21113306,2,2
21309918,1,2
97888736,2,2
21113314,1,1
97888741,1,1
21309928,2,1
17476073,1,1
1394846201,1,1
1355852285,2,2
1394846213,1,1
21047823,1,1
96545304,2,2
290531866,1,1
96545319,2,1
83667496,2,1
251832877,2,1
2066098734,2,2
1394846267,1,2
436795,2,3
436811,2,2
287648333,1,2
287648335,2,2
1776331344,1,2
287648340,1,1
4719094369,2,2
3969395298,2,1
21441127,1,1
6221474408,2,2
6221474413,2,2
269396599,1,1
1996892795,1,1
2102209156,1,1
1581230771,1,1
29862593,2,1
436934,1,2
29862598,1,1
436937,2,1
269396685,1,1
310389457,2,2
272509653,1,1
3252824791,1,1
310389462,2,2
1598270170,1,2
1833511644,3,2
1598270175,1,2
1732782821,2,1
69479153,1,1
198028017,2,2
267758323,1,2
198028021,1,1
267758327,2,1
30419715,2,2
30419717,1,1
273158,2,1
273165,1,1
30911255,2,2
21605146,2,2
1158359842,3,2
2159782691,2,1
2042663,2,2
1552821031,1,2
277556006,2,2
277556010,1,1
240757546,2,1
1908157228,2,1
1158359853,3,2
1365781297,2,2
17181493,1,1
240757558,2,1
17181498,1,1
255896383,1,1
270805827,1,1
17181510,2,2
177515337,1,1
1158359892,3,2
364882784,2,1
1116351336,2,2
1158359913,2,3
270805872,2,2
2066033530,2,2
282438544,1,1
331492257,1,2
206220195,1,1
331557801,1,1
160377771,2,1
206220207,1,1
249310141,1,2
60730347,2,1
75901933,1,1
60730353,2,1
160377841,1,2
315042809,1,1
15936518,1,2
14658578,1,1
14658580,1,2
3345722387,2,2
5909527,1,1
5909531,1,1
1666591773,1,1
5909535,1,2
1844620324,2,2
15936548,1,1
5909542,2,2
1600138285,1,2
5909552,2,2
14658609,1,1
5909555,1,1
1666591796,1,1
15936570,2,1
14658619,1,1
26291267,1,2
26291273,2,2
26291275,2,2
16526425,2,2
16526431,2,2
16526441,1,1
17476717,2,1
280800369,1,1
14658674,1,1
269724796,1,2
21179539,1,1
21179540,1,1
253897881,2,1
203599020,2,1
203599021,2,2
773500077,3,2
203599030,1,1
27307219,1,1
11840725,3,2
11840727,2,2
11840731,1,1
2138549474,2,2
15936746,1,2
72789232,1,1
363703540,1,1
331099382,2,1
1059826936,1,2
177581306,1,2
72789254,1,1
25931017,2,2
25931018,1,2
25931026,1,1
72789286,3,3
30977319,1,1
181316905,2,2
72789295,2,2
30977332,2,2
30977334,2,1
15936825,2,1
71740741,1,1
1491610953,2,2
1029614925,1,1
1029614926,1,1
18033999,1,1
18034001,1,1
77901139,1,1
324054363,1,2
1572449628,1,1
1572449630,1,1
1059827045,1,1
21179749,2,2
21179758,2,2
21179760,1,1
17968500,1,1
31927670,1,1
363998586,2,1
31927679,2,2
363998596,1,1
15936901,1,1
299150736,1,1
17214866,1,2
299150741,1,1
64695707,1,1
64695711,2,2
64695715,2,1
29404591,1,1
29404592,1,1
71740852,2,2
2071670205,2,1
1029615040,1,1
278408640,2,3
29404614,1,1
268348879,2,1
2071670225,1,2
358231516,1,1
3866996190,1,1
21605876,2,2
17182205,2,1
17182206,1,2
17477121,1,1
631811586,2,1
631811587,2,1
61681161,2,2
281914899,2,1
17477161,1,1
267890218,2,2
71740972,2,2
301510190,1,1
301510197,1,1
2043479,3,3
17477221,1,2
2043498,1,2
17477227,1,2
315862636,1,2
334278260,1,1
394735233,2,2
1029615236,1,1
300985995,4,4
394735248,2,2
17477267,1,1
17477268,2,1
17477269,1,1
153398933,1,2
1029615259,1,1
3153538715,2,1
1631923869,1,1
3153538725,1,2
17477289,1,2
277556912,2,3
13446835,1,2
13446839,2,1
294137529,1,2
7028551354,1,2
294137536,1,2
294137537,2,2
153398981,2,2
294137546,1,1
21606095,1,2
2273783510,2,2
90484442,1,1
356036315,2,2
3901533939,1,1
5615355,2,2
2942676739,1,1
5615364,1,1
1963273989,1,1
21507853,2,2
21507855,1,1
6053244697,3,2
17182515,1,1
1911795509,2,1
331099957,1,2
1695887160,2,3
475311943,1,1
160378730,2,1
30912375,2,2
30912377,2,1
30912383,1,1
745549707,2,1
514731916,1,1
17182604,2,2
514731923,1,1
21737373,2,2
21737375,1,1
602020,1,2
160378792,1,2
1544695730,1,1
33206204,2,2
292335549,1,2
292335551,2,1
296103875,1,1
320516039,2,1
251834327,2,1
16003047,2,2
16003058,3,3
104738806,2,1
16003068,1,1
5910526,2,1
1578708995,2,2
2103848968,2,2
2103848969,1,1
1578709003,1,1
5910542,2,1
2103848975,1,1
4446531606,1,1
413413405,1,2
5910558,1,2
285126693,1,2
4446531623,1,1
348401707,1,1
292335661,3,2
38482023,1,2
38482028,2,1
649539696,2,2
849522807,1,1
243511426,1,2
105263240,2,1
514830476,1,2
324382868,1,1
270381204,1,2
270381205,2,2
2122756244,2,3
1613672600,1,1
16003251,1,2
16003253,2,1
105263285,2,1
33042616,1,1
3785928899,1,1
61681877,1,1
61681879,1,2
1569599713,1,2
4110364900,2,1
1569599720,2,1
4110364907,2,2
2628202736,1,2
21606642,1,1
715075832,2,2
4110364920,1,2
196423928,2,1
1386230054,1,1
196423976,1,1
196423996,1,1
1043345736,2,1
940224847,1,1
265597268,1,1
265597274,1,1
13447530,1,2
994587001,2,2
300593530,1,1
300593533,1,1
300593534,1,1
994587030,2,2
1939321243,2,2
36483498,2,2
190165429,2,3
21606839,1,1
321040827,1,1
36483516,2,1
29405633,1,1
321040839,1,1
17215949,1,2
2375856595,2,2
181318133,1,1
472822263,1,2
3260330487,2,2
285422077,1,2
90485248,2,2
4047286785,2,2
312160775,1,1
253899292,1,1
2109982,1,2
3260330525,2,2
3260330529,1,1
3260330530,1,1
177517087,2,2
177517092,1,2
181318181,1,1
3260330534,2,2
3260330535,2,2
1043345960,1,1
472822313,1,2
53752364,2,2
1585033775,2,1
3605639727,1,1
26194483,1,2
26194484,1,2
2110005,1,1
253080117,1,1
53752380,1,1
253080127,1,1
2110021,1,1
2942677573,1,1
298988106,2,3
2110031,2,1
298988144,3,2
1218818675,1,1
298988147,2,2
296104573,1,1
4033491584,1,1
331788946,1,1
2110101,2,1
33960610,1,1
84325055,2,1
3262264007,1,1
1578742478,1,2
207041233,1,1
494973652,1,2
1646703320,2,2
267760355,2,2
2942677731,1,1
3262264041,2,2
267760362,2,1
134525674,1,1
494973676,2,1
294105841,4,2
134525681,2,1
257078005,1,1
251835136,1,1
257078017,1,1
494973701,2,1
494973705,1,1
29209356,1,1
33960718,2,1
2110224,2,1
1646703377,2,1
29209361,1,1
3387962130,1,1
25703196,2,2
25703203,2,2
267760425,2,2
267760431,1,2
2055615280,2,1
1646703409,2,1
1192833850,1,2
2117972797,1,1
25703232,2,3
471882,2,2
270447434,1,1
471885,1,2
1646703438,1,1
1646703439,2,2
267760463,2,1
1646703442,2,2
26424143,1,1
471892,2,1
494973781,1,1
471905,2,1
5294109547,2,2
250098542,1,2
294105965,2,2
294105967,1,1
190165876,2,1
280802170,1,1
4945589121,2,2
68727684,1,1
321663876,2,2
321663883,2,1
16003986,1,1
471965,1,2
1815360423,2,1
2057450419,1,2
84521921,2,2
315569092,1,2
27309008,1,1
27309009,1,1
472036,1,1
304690148,2,1
17282022,1,2
17282024,2,1
21607408,1,1
472051,1,1
60011507,1,1
60011508,1,1
1117172729,3,2
443331577,2,2
1128575995,2,1
17282062,2,1
17282066,1,2
60011541,1,1
60011542,1,1
17282071,1,1
17282081,1,1
1591325734,1,1
25736247,1,1
338637890,2,3
21509198,1,1
2101785679,2,1
7236793425,1,1
1374467157,2,1
472164,1,1
2065642596,2,2
60404838,1,1
472169,1,1
2101785706,1,2
34550892,1,1
472175,1,1
1433220215,2,2
1809626233,1,1
258487424,1,1
258487426,1,1
21771399,1,1
4377883792,1,2
3366237329,1,1
1423750290,2,2
2057450642,2,1
1423750296,2,2
2785457311,2,2
1405236389,2,1
21771433,1,2
26752171,1,1
1405236400,1,2
1405236402,1,1
180139194,1,1
180139196,1,1
16004291,2,1
1405236420,2,1
1405236423,1,2
2150413516,2,2
30422225,2,2
660616426,2,2
71218420,1,1
16004361,1,2
286471448,1,1
255374620,2,1
30913829,1,2
30913830,1,1
71218472,2,2
30913834,2,2
16004396,1,1
926168365,2,2
1529165103,2,2
286471476,1,1
293483832,2,2
1529165116,2,1
264451391,1,1
16004416,1,1
2150413633,2,2
2169288009,2,2
16004428,1,2
1058813268,2,1
633681241,2,1
17970523,1,2
2411345245,2,2
926168419,2,1
2411345255,2,1
17970535,2,1
1334097260,1,1
1113437559,1,1
30782841,2,1
177583483,1,2
297219457,2,1
297219458,1,2
926168452,2,2
926168454,2,2
338638218,2,2
926168464,2,2
292435349,2,1
2411345303,2,1
926168476,2,2
1058813342,1,1
926168485,1,2
264451505,1,1
180139444,2,2
338638260,3,2
249214405,1,2
269792711,1,1
1334097366,1,1
249214426,2,1
249214428,2,1
16004574,1,1
16004576,1,1
373962231,1,2
26392057,2,2
270185981,1,1
270185987,2,2
177583623,2,1
270185992,2,3
207500809,1,2
270185997,3,2
270185998,2,3
270186005,2,2
373962272,2,2
588461601,2,1
588461606,1,2
588461634,2,1
26392136,2,2
588461640,1,2
17970763,2,2
249214545,1,2
588461651,2,3
588461653,3,2
26392150,3,2
26392151,1,1
373962353,1,1
60667523,1,1
369669765,1,1
1191327376,1,2
197441186,2,2
1373877926,1,2
1191327440,2,1
33502955,2,1
33502977,1,1
33502978,1,1
83670794,1,2
364885777,2,2
1269577497,1,1
33503004,1,1
5320587047,2,1
100284204,1,2
100284219,2,1
17282883,1,2
17282892,2,1
33503065,1,1
250558315,2,1
250558316,1,1
549107588,2,2
33208203,2,2
319731595,3,2
33208219,2,1
301217692,3,3
268842912,1,1
1970780067,1,1
268842915,1,1
297514936,1,1
25966534,1,2
549107657,2,1
227489750,2,1
180139997,1,2
227489758,1,2
158152685,1,1
622311414,1,2
5505693709,1,1
2906208276,1,1
2906208278,2,1
1970780183,1,1
665106460,2,1
1716860958,1,2
356431939,1,1
306559045,1,1
158152780,3,3
13678672,1,2
178927703,2,2
5322913879,1,1
249215079,1,2
355580009,1,2
21608554,2,2
355580012,2,2
1396684920,2,3
2020653184,2,2
196393112,1,2
196393128,2,2
21608620,1,1
1323514050,1,1
331102412,2,2
331102419,1,1
652785887,1,1
652785891,1,1
38451430,1,1
31013101,2,2
196393205,2,1
440566,1,1
275757304,2,1
31013119,1,1
306002177,3,2
1389246730,3,2
1389246737,2,2
1389246739,1,1
1389246740,2,3
93665558,2,2
1389246752,2,2
1389246756,2,3
1389246765,1,1
1389246769,3,2
93665597,1,1
197507391,1,2
197507396,2,2
266385753,2,1
197507424,2,1
20461931,1,1
670054770,1,1
670054773,1,1
256915832,1,1
307444099,1,1
307444104,1,1
27605387,1,1
180140429,2,2
258357660,2,2
28293564,1,2
26851780,1,1
6100695492,3,2
82557385,1,2
188529099,2,2
188529104,2,2
188529107,1,2
249313753,1,2
61323737,1,1
26851803,1,1
3164256732,1,2
24656361,1,1
267762180,1,2
1746188836,2,3
267762229,2,1
305478200,1,2
356432467,1,1
17971802,2,2
278411880,2,2
386644625,1,1
1313225368,2,1
1313225381,2,1
268352171,1,1
2360523440,2,1
20921014,1,2
2205792962,1,1
20921035,2,1
20921036,2,2
306002666,2,1
3229563629,2,1
21543674,1,2
21543675,2,1
89176842,1,1
89176851,1,1
2205793043,1,1
2205793046,1,1
2205793054,2,2
766950179,1,2
375609,1,2
375625,2,1
25279309,1,1
375630,1,2
84392784,1,2
1828305746,1,2
21609300,2,1
375641,2,1
26196830,1,1
26196838,1,1
26196846,2,1
25639798,1,2
375676,1,2
1835481987,2,1
25639813,2,2
21543816,1,1
33504143,1,1
33504144,1,1
21543826,1,2
1547353004,2,2
375729,1,1
375734,1,2
715144118,2,1
5913529,1,2
5913535,1,2
317242305,1,1
715144137,2,2
375764,1,2
375772,2,1
375781,2,1
731954151,1,1
97008623,1,1
375809,1,2
265698316,1,1
265698320,1,1
13876243,1,1
265698324,2,1
265698322,2,2
265698326,1,2
128367641,2,2
375834,1,2
265698330,2,2
265698332,2,1
265698334,1,2
375839,1,2
375841,2,1
160447522,1,2
375845,2,1
375852,1,1
160447532,1,1
33242164,2,2
319732819,2,2
61291606,2,2
21740632,1,1
45366376,1,1
61291625,1,1
598686866,1,1
598686867,1,1
660847767,1,1
2167225504,2,2
320715937,1,2
598686883,1,1
598686884,1,1
2167225508,2,2
146607,1,2
146622,1,1
1657650371,1,1
34520264,1,2
36814048,1,2
1558232299,1,2
1558232329,1,2
1558232337,2,1
1558232338,1,2
146710,1,1
268582171,1,1
146717,1,1
1558232351,2,1
146729,1,2
1558232370,1,2
146739,2,1
1780759860,1,1
319143219,2,1
319143222,1,1
1780759864,2,1
1780759866,1,2
146754,1,2
1572453703,1,2
1558232392,1,2
1780759882,1,1
1197718859,1,1
1558232401,2,1
1558232404,1,2
2487926101,1,1
146773,2,1
146774,1,2
2095136091,2,3
475874265,2,2
319307106,3,2
1576877411,1,1
1576877415,1,1
2487926121,1,1
272416106,2,2
4620336490,2,1
272416109,1,1
2095136114,3,2
272416114,2,2
30358916,2,1
331103632,1,2
331103634,2,1
146855,2,1
16530858,2,1
16530860,1,1
31997357,1,2
21609906,2,2
146870,2,1
21511617,1,2
146886,1,2
1785290,1,1
1785296,2,2
267697621,1,2
21511666,2,1
31997424,2,1
146933,1,1
31997430,1,1
278412808,1,1
564641294,1,2
1665056273,1,1
540178,2,2
540177,1,1
89112084,1,2
540181,2,1
15089172,2,1
540185,1,1
540187,2,1
1785375,3,2
319143456,1,1
3979492897,2,1
319143455,1,1
540203,1,2
314752564,1,1
1396522568,2,3
147018,1,1
399064652,2,1
1396522577,3,2
147025,2,1
1396522581,2,2
540249,1,1
340016741,2,2
1785452,1,1
254000748,2,1
254000752,2,1
1785464,1,1
1785478,2,2
147086,1,2
1038270097,1,1
266387098,2,1
63127196,2,1
147103,2,2
147104,1,1
266387109,1,2
21741222,1,1
3033808556,2,2
2062827183,2,2
21741233,1,2
293682866,1,2
253902537,2,1
253902539,2,1
253902548,2,1
253902549,1,2
147159,2,1
291618518,1,1
147162,1,2
1734196965,1,1
60636909,1,1
113884911,2,2
253902582,2,1
253902584,1,2
29998852,2,2
331104004,2,2
2389819143,1,1
29998856,1,2
287620873,1,1
2093235979,2,3
25706254,1,2
25706256,2,2
253902610,2,1
25706260,1,1
253902615,1,2
253902616,1,2
287620897,2,1
253902626,2,1
306003747,2,1
253902628,1,2
21610275,1,2
21610286,2,1
1559412526,2,1
90488625,1,1
274513721,3,3
596229949,1,1
1559412548,1,1
1354874693,2,2
256950092,1,1
762265429,1,1
252788578,2,1
2592685923,1,2
1354874725,1,1
301449081,2,1
3911073658,1,1
3317219193,1,1
3227434880,1,1
320880523,2,2
320880524,2,1
20856717,1,1
1559412625,1,1
453918623,2,1
539934623,2,2
329105313,1,2
329105322,1,2
7421878,2,1
1197719483,1,1
21610433,2,1
1197719490,1,1
16007112,1,2
29999064,1,1
21610462,1,1
253575136,2,2
248627200,1,1
266518531,1,1
248627206,1,1
248627211,1,1
331792396,2,1
263438351,2,1
253575187,2,2
427507735,1,1
21643289,2,2
253575201,2,1
413581349,2,1
285130795,1,2
2240266298,2,2
6979567676,1,2
322551870,1,1
3306438720,1,1
266518591,1,1
1561837635,1,2
322551877,1,1
253575236,2,2
37142600,1,1
253575233,1,1
267763785,2,2
359415877,1,1
180142163,2,2
180142164,2,2
21610585,2,1
323403867,1,1
253575264,2,2
263438435,1,1
245153899,1,1
323403886,2,2
323403893,4,2
323403906,1,1
21119107,1,1
245153924,2,1
322748554,1,1
323403921,2,2
732250265,1,1
267763876,1,1
177684644,1,2
361218216,1,1
361218227,1,1
361218228,1,1
361218231,1,1
361218249,1,1
361218260,1,1
2046181588,1,1
361218262,1,1
263438554,1,2
361218271,1,1
732250347,1,1
1494073583,2,2
427507958,1,1
21676283,2,1
297222409,1,2
21676301,1,2
30753037,1,1
297222417,2,1
25149729,2,1
33505575,1,1
1116160296,1,1
683819305,1,1
683819306,1,1
33505576,1,1
540968,2,1
540971,1,1
213565742,1,1
540982,1,2
2628206909,1,2
38420802,1,1
38420805,2,1
21774671,2,2
307609943,1,1
343458140,1,2
1116160358,1,1
293519727,1,1
670679427,2,2
27410833,1,2
27410838,1,2
32620954,1,1
32620955,2,2
198328735,1,1
150684066,1,1
301744553,1,1
358891968,1,2
333267399,2,1
21610956,1,1
318554574,2,1
90751465,3,2
358892017,2,2
2204320243,2,2
256918017,2,1
256918018,1,2
254984708,1,2
442483206,1,1
1623802377,1,2
256918025,2,2
253706782,1,1
8700456,1,1
8700462,1,1
16007729,2,1
1116160578,1,1
287851074,2,1
267764295,1,2
287851080,1,1
287851082,4,4
180142667,2,1
287851083,1,1
377430,1,1
377431,1,1
765280857,1,1
377434,1,1
267764314,1,1
287457885,1,2
280183416,1,2
247087750,1,2
2927444616,1,2
2927444617,2,1
2927444618,1,2
2927444620,2,1
246420,1,1
247087763,1,2
331104931,2,1
227426998,1,2
2579448523,1,2
264127185,2,1
410206930,1,1
410206938,1,1
295781120,2,2
287458053,1,2
253739782,1,1
287458054,2,1
295781130,2,2
88294156,2,2
295781137,2,2
13878038,2,1
13878040,1,1
295781158,2,2
13878062,1,2
13878069,2,3
13878070,3,2
13878071,2,2
1116160825,1,1
13878074,1,1
13878076,2,2
285131580,2,2
330548045,1,1
5506286414,2,1
5506286415,1,2
287458152,2,2
3654506,2,1
13878127,2,1
13878129,2,2
2163557240,2,2
251478906,2,1
377725,2,2
377727,2,3
251478919,1,2
66405259,1,1
251478924,2,2
377752,2,3
377753,3,2
377773,3,2
377774,2,2
5915568,1,1
34554799,1,2
34554798,1,2
315868085,1,1
322749362,1,1
34554807,2,1
315868089,1,1
28099515,2,2
1573667774,1,2
253739967,1,1
1573667775,1,2
253739968,1,1
265274307,1,2
1573667791,1,1
2020721619,1,1
322749402,1,1
475874266,2,2
265274333,2,1
320619486,1,1
2020721631,2,2
320619490,1,1
475874278,1,1
366560242,1,1
270812148,1,2
377845,2,2
475874293,2,1
2130363383,1,1
366560252,1,1
546292735,2,1
268813314,2,3
31376386,2,1
475874312,1,1
232768520,1,2
475874317,1,2
475874323,1,2
475874328,2,1
546292774,2,1
21611568,1,1
546292787,1,2
177652795,1,1
320619589,1,1
320619592,1,1
546292822,1,1
546292840,1,1
1829127280,2,2
1829127288,2,1
1762542725,2,2
1951351944,2,2
305972375,2,3
61097114,1,2
1829127324,1,1
285131940,2,1
1829127342,1,2
1951351987,2,2
61097146,1,2
36750524,1,1
270714050,2,3
270714051,2,2
270714054,2,1
270714056,2,2
954582224,1,1
61097168,2,1
287622363,1,1
1951352034,2,2
305972451,3,2
285132005,1,2
2670085360,2,2
302499070,1,1
302499077,2,1
205440279,1,1
205440292,2,2
61097271,1,2
21611850,2,1
430425423,1,1
430425427,1,1
430425434,1,1
99173731,1,1
16008551,2,1
16008559,2,2
99173751,2,1
6793905528,2,1
99173756,1,2
4834693,1,1
305972617,2,3
25478540,1,1
25478545,2,2
16008596,2,3
99173792,2,1
43140519,2,2
34096551,2,2
34096553,2,2
2415379884,3,2
245417391,2,2
85640624,1,1
4834735,1,1
2835891,1,1
2415379892,2,3
2835893,1,1
245417400,1,2
3209283005,1,1
91801021,1,1
3209283015,2,2
16008648,3,2
245417421,2,2
245417423,2,2
245417433,2,1
16008665,1,1
83379676,1,2
85640668,2,2
91801063,1,1
91801082,2,1
331499008,1,1
2488190469,2,1
16008717,2,2
2835987,1,2
70862356,1,1
319276575,2,3
2576107046,1,1
3164259890,2,1
3164259891,2,1
70862387,1,1
344999516,2,1
244958822,1,1
2355807848,2,2
244958826,2,2
2836075,1,1
70403695,1,1
70403700,1,1
244958838,2,2
2355807862,2,2
2576107126,1,1
296011390,2,3
244958849,2,1
244958850,1,2
177653379,1,1
1605027477,1,2
305972895,2,2
305972912,2,2
2313406148,2,3
2836167,1,1
1955546827,1,1
349914832,1,2
2070791889,2,2
2836179,1,2
2836180,1,2
320489173,1,1
21612250,2,2
2313406200,2,2
34031371,3,2
2313406222,1,1
34031382,1,1
2313406234,1,1
245417754,1,1
34031389,3,2
245417759,2,2
34031391,2,3
34031396,2,2
310200100,1,2
367970104,1,1
173721418,2,1
16533339,1,1
1378928479,1,1
245417856,1,1
245417860,2,2
149014416,1,1
17876886,1,1
21317549,2,2
21317552,1,1
1642907571,1,2
370591668,2,2
1832175554,1,1
1642907621,1,1
1642907630,1,1
285132788,2,3
622315513,2,1
366528505,1,1
285132803,3,2
21317643,1,1
25479180,1,2
25479182,2,2
1581762590,1,1
1581762606,1,1
1581762617,2,1
16533561,2,1
177489991,1,2
1581762638,1,2
243451992,1,1
1581762656,2,1
321472617,2,2
321472620,2,1
1581762671,1,1
26855541,1,1
60639357,1,2
25708696,1,1
124438685,1,1
268585122,1,1
1826932901,2,1
81479847,1,2
81479849,2,1
68864181,2,2
68864205,3,2
253905104,2,2
21612752,1,2
253905108,1,2
68864216,2,3
68864222,2,2
21350655,1,2
224348417,1,1
21350669,1,2
60737818,2,1
1099778352,1,1
298174791,2,2
266389829,1,2
331499854,1,1
279890261,2,1
367642965,2,2
324520288,1,1
289229162,2,2
321603960,1,2
268355978,1,1
298174857,2,2
124438929,1,1
285133205,2,1
321603992,2,2
279890340,2,2
321604014,2,1
321604015,1,2
321604031,1,1
177490371,2,1
298174939,3,2
203901411,2,2
474368495,1,2
2273102323,2,3
258198010,1,1
4443392509,2,2
4443392512,2,2
258198026,1,1
270551580,2,2
178866727,2,1
314952232,2,1
320621102,1,2
167037491,1,2
167037502,2,2
321604163,1,1
5462444624,2,3
16534097,2,1
266619474,2,3
16534108,2,1
72796774,2,2
33999481,2,2
60639866,2,1
113920637,2,2
33999489,2,2
33999491,2,1
203901575,2,2
320621210,2,2
320621211,1,2
254003869,2,1
254003870,1,2
1485261483,1,2
1485261485,1,1
1596672688,2,2
1485261489,1,1
1596672692,1,1
20925124,1,1
20925125,1,1
20925129,1,1
20925130,1,1
20925131,1,1
5506288332,1,2
267897551,1,2
267897553,2,2
267897555,2,2
267897559,2,1
932039394,2,2
1596672738,2,1
15223530,1,1
344902381,1,2
15223536,2,1
151145204,1,1
253971222,1,1
2138589995,2,2
7424819,1,2
7424820,2,1
2701445952,2,2
2138590032,2,2
17419092,1,1
17419093,2,2
1872251738,1,1
17419099,2,2
7198985054,2,1
5969333094,2,3
5969333099,2,2
302926710,1,1
147901307,1,2
268585856,1,1
1830505347,1,1
302926730,1,1
84593551,1,1
3344419732,1,2
20925334,1,1
26823580,1,1
3344419742,1,2
3344419744,1,1
2549435294,2,1
292342693,1,1
277793706,1,2
17877964,2,2
21646289,3,2
5352246240,2,1
252464111,1,1
33967088,1,1
9489395,1,1
9489396,2,2
5352246265,2,1
3101838329,1,2
332975116,1,1
170773517,3,3
9489425,2,2
9489428,2,2
9489430,1,2
1695894563,2,2
1695894581,2,3
2465745973,2,2
1695894587,1,1
300469309,1,1
1485261890,1,1
15223882,1,1
170773586,2,2
170773601,1,1
1595231334,1,1
1045482615,1,1
1268796538,1,2
60279954,1,1
1268796569,1,1
281767,2,1
281774,1,2
32918703,1,1
11586740,1,1
5715872949,1,1
5715872951,1,1
281784,1,1
11586744,1,1
281788,1,1
21646524,1,1
21646526,1,1
21646527,1,1
21646525,1,1
568249552,2,1
281812,1,2
568249564,1,1
281822,2,1
7425250,1,1
270912739,2,3
7425254,1,1
270912758,1,1
270912761,2,2
270912762,1,1
194170107,1,1
60640504,1,1
270191869,2,2
270191868,1,1
270191870,3,2
270191871,1,1
150555905,1,1
270912772,2,2
270912775,3,2
270912782,1,2
330714394,2,3
270912794,2,2
270912796,1,1
330714397,3,3
270912799,3,2
270912813,1,1
270912814,2,2
270912816,2,3
322882870,2,2
1020349756,1,1
1971146051,2,1
461753671,2,1
3140603210,2,2
134466893,2,2
461753683,2,2
134466901,1,1
35736927,2,1
35736929,1,2
461753698,1,1
1485262184,1,1
11586926,2,1
2519059823,3,2
1485262195,1,1
2519059836,2,3
2519059837,2,2
970444159,2,2
268357013,1,1
264883606,2,2
2068073885,1,1
614452644,1,1
247025061,1,1
614452647,1,1
310857144,2,2
310857150,2,2
310857154,2,3
310857164,1,1
269602253,1,2
2925088212,2,1
2519059924,2,3
2021838298,2,2
2519059935,2,2
2021838311,2,3
2519059946,3,2
20958702,1,2
268586495,2,2
244960776,3,3
244960807,1,2
244960808,2,2
316067389,2,1
316067390,1,2
316067393,2,2
31346242,2,1
316067398,2,1
1929137770,2,2
2105822837,3,2
964644472,1,1
964644473,1,1
964644482,1,1
282247,1,1
26267276,1,2
26267284,1,2
282261,1,1
26267285,1,2
1626295969,3,2
1626295973,2,1
282278,1,1
5253320362,1,1
1626295988,2,1
84496053,2,1
60640966,1,1
60640968,2,2
2117652169,3,2
177557194,1,1
2117652175,3,2
60640978,2,1
359419609,1,2
147902182,2,1
26529517,1,2
31215342,2,1
31215344,1,2
367873779,1,2
250826484,1,1
43372277,2,1
26529528,1,1
250826494,1,1
20696861,3,2
43372346,1,2
263409478,1,1
263409480,1,2
289656651,2,2
315838317,1,1
306270069,1,1
315838327,1,1
31215480,2,2
3362148217,1,1
80072581,1,1
263409553,2,1
20696986,1,1
20696997,2,2
20697001,2,2
245944234,2,2
20697052,3,3
20697058,2,2
20697064,2,1
2145079274,1,2
458772464,2,2
20697079,1,1
305975307,2,2
20697111,1,1
20697114,1,1
20238368,1,1
305975333,3,2
2145079333,2,2
31903785,1,2
20238383,1,2
3465039920,1,1
3465039922,1,1
80072760,1,1
2166476860,2,2
263409726,1,1
263409729,1,2
2072596547,1,2
2072596548,1,2
2072596549,1,1
3736916035,3,2
390418531,1,2
647745639,2,2
288575592,2,2
20238442,1,2
647745644,2,1
250564715,1,2
20697200,2,2
250564721,2,1
390418546,2,1
20697206,1,1
647745655,2,2
250564730,2,1
1657688187,1,1
250564735,2,1
301748354,1,1
263409795,2,1
20238469,1,1
250564742,1,2
647745674,2,2
1641566353,1,2
157044881,2,1
285135015,2,1
20238511,1,1
1641566389,2,1
20238525,1,1
157044929,2,2
80072897,2,1
80072910,1,2
1561841882,2,1
1561841889,2,2
1561841891,1,1
1641566441,1,2
2315473132,2,1
2166477040,2,2
1641566455,1,2
343560443,1,2
18239740,2,2
1657688315,1,1
18239745,1,1
1641566485,1,2
285135134,2,1
1641566507,2,1
1641566515,2,1
315838776,1,1
16535872,2,1
315838787,1,1
1679937869,1,1
264163666,1,1
25579862,1,1
248631649,2,2
16535912,1,1
248631660,2,2
248631661,2,2
5919086,1,1
301748620,1,1
59822486,1,1
80073130,1,1
80073146,1,1
253055434,1,1
253055435,2,2
1430639053,2,3
253055438,2,2
267407828,1,2
5320331737,1,1
1261490655,2,2
1551192549,1,1
80073189,2,2
324882961,1,1
2034913812,1,1
244961813,1,1
324882973,1,1
244961830,1,2
1632850471,3,2
177590833,2,1
177492532,1,1
244961846,2,2
306270786,1,1
244961871,2,1
244961882,2,2
1672106589,2,2
1607586405,1,1
1607586406,1,2
346215015,1,1
278745709,2,1
155177584,1,2
540430972,1,1
346215040,2,2
346215041,3,2
270652035,1,2
243782276,1,1
290771591,1,1
1016222343,2,2
285135505,2,2
7426714,1,1
7426746,1,2
7426750,2,2
534467273,2,1
571167439,1,1
290771670,1,1
177591014,1,2
265081589,3,2
1677677303,1,2
1677677304,1,2
1677677312,1,2
150721281,1,2
450155271,2,2
1564398346,1,1
450155274,1,1
327144204,1,1
1601753874,2,2
16536347,1,2
1601753892,2,2
33248036,2,3
33248037,2,1
33248038,1,1
2072597302,2,2
1677677369,2,2
1677677371,2,3
1677677373,1,1
21484354,1,2
1677677390,2,2
1677677391,1,1
1677677392,2,1
1677677396,1,1
1677677397,2,2
206099287,1,1
206099290,1,1
177558365,1,1
70669157,1,1
70669173,1,1
1677677431,1,1
88462200,1,1
21287802,2,2
21517185,1,2
21517188,2,2
279827334,2,3
21517191,2,2
262722455,1,1
2034357144,2,2
1547424669,2,1
15848356,1,1
15848366,1,1
15848368,1,2
15848373,2,1
2034357175,2,2
21582778,2,2
15848380,1,1
21582783,1,1
21582784,1,2
33248193,1,2
11621315,2,1
429609934,1,1
429609936,1,1
262722514,1,1
33248213,2,1
267441118,1,1
262722529,1,1
311514088,2,2
311514091,2,2
311514092,2,3
472765422,2,2
33117193,2,1
21287944,2,1
33117197,2,2
476075022,1,2
177558541,1,1
283563025,3,2
25580567,1,1
25580569,1,2
33117208,1,2
254465074,1,1
1059673147,2,1
33117244,2,2
457135165,2,3
31282240,1,1
457135169,2,2
31282252,1,2
31282253,2,1
30954578,1,1
52614231,1,1
1677677658,1,1
4475671650,1,2
4475671653,2,1
21288060,1,1
2599965821,2,2
457135231,2,1
2599965825,1,1
21288067,1,2
83678351,1,1
304141457,1,1
83678354,1,1
848680090,1,1
21288099,2,1
16536786,1,1
1546900706,2,1
304141553,2,2
304141556,3,2
129225980,2,1
21288188,1,2
340284676,1,1
1677677828,2,2
340284692,1,1
259708185,2,1
311514396,3,2
21452083,2,2
1870648636,1,2
1695896897,2,2
254399809,1,1
254399810,1,1
1695896908,1,1
410834253,3,2
177526108,1,2
2355090788,2,2
1677677924,2,2
15160690,1,2
430429559,1,1
2165134714,2,1
430429562,1,1
250172795,1,1
305976706,3,2
649581957,1,1
267638153,1,1
649581962,2,1
267638156,2,2
2800473487,2,1
147838366,1,2
128341414,2,1
52614592,1,2
52614596,2,1
52614600,2,2
177493465,2,2
128341467,1,2
177493468,1,2
1158927842,1,1
147838436,2,1
21550593,2,1
21550597,1,2
283563539,2,2
1573049885,2,1
255415853,2,2
255415856,1,2
319313470,2,1
25744961,1,1
319313474,2,1
319313475,2,1
319313473,1,2
319313479,3,3
444880456,2,2
319313482,3,3
25744975,2,1
25744976,2,2
319313489,1,2
319313504,2,1
331830885,1,2
246994535,2,1
249091687,1,1
21452394,2,3
21452395,2,3
249091692,2,2
292345454,2,1
2255574640,1,1
249091697,2,1
100685430,2,1
21452409,3,3
21517953,3,2
21452422,1,2
6787323547,1,1
2127681180,2,3
27317933,2,2
35182303,1,2
89183982,1,1
249091822,1,2
81319667,1,1
177592060,1,1
2701252349,1,1
96524053,1,1
1618827055,1,2
5240575799,2,2
270522182,2,2
1824587,1,1
1550669653,1,1
1824597,1,2
1056364383,1,1
1550669664,1,2
1824610,1,1
274388844,1,2
257775477,1,1
1550669688,1,2
1550669712,1,2
32561046,2,1
1596675993,2,1
1878022043,1,2
280188836,1,2
32561062,1,2
280188837,2,1
289134505,2,2
1550669744,2,1
251549625,1,1
653285306,1,1
21354427,2,1
33249210,1,1
1789253565,1,1
305977283,2,2
32561092,1,2
32561093,2,1
33249225,2,1
264132554,2,2
264132559,1,1
1824721,2,3
264132561,2,1
33249234,1,1
33249237,1,1
1587140590,1,2
1789253615,2,2
2363152371,1,1
1550669826,2,1
601053186,2,2
177494022,2,1
32561160,1,2
2021480460,2,2
293787667,1,1
293787684,1,1
1824805,3,2
1989007397,2,3
293787686,1,1
177592360,1,2
1824814,2,3
270424111,2,1
293787702,1,1
296179766,1,1
293787705,1,1
1824844,3,2
664131661,1,1
177592400,2,2
297031762,2,2
1934350419,2,2
664131668,1,1
1934350418,1,1
1934350420,1,1
1547360346,1,2
197646433,1,2
1824874,2,2
1955949,2,3
33249391,1,2
1955955,2,1
271341688,1,2
271341691,2,1
1824897,3,2
1955975,1,1
1955986,2,2
322787475,2,3
1824919,2,3
271341743,2,2
34035887,1,1
177592496,2,1
34035893,1,1
21092534,1,2
1956028,2,3
21092542,2,1
271341759,1,2
21092543,2,1
1956032,2,2
1956035,1,1
1824964,2,3
853727426,1,1
1824967,2,3
1550670024,1,1
271341768,2,2
34035916,1,2
1550670029,1,1
1956047,2,2
1956051,1,1
21092563,1,1
18176225,1,1
177690849,1,1
18176234,2,2
1665554668,2,1
271341814,1,1
59955447,3,2
262199557,1,2
271341831,1,1
262199562,2,2
1825037,3,3
3140311308,2,1
262199567,1,1
223631633,1,1
21518611,2,1
1825043,2,2
3140311316,2,3
3140311315,3,2
3140311323,1,2
110254366,1,1
246995232,1,2
340384032,1,2
279468322,1,1
340384038,2,2
340384046,1,1
1367005486,1,2
1829099829,1,1
223631670,1,2
1367005497,1,2
21518649,1,2
317413698,1,2
1829099842,1,1
1367005512,2,2
21518674,2,3
2164087125,2,1
1119476053,3,2
21518683,2,2
21518684,1,2
21518689,2,1
1367005538,2,2
1825124,2,2
1367005541,1,1
21518694,1,2
2703907178,1,2
21518704,2,2
21518708,2,2
1367005557,1,1
21518736,1,1
1825168,1,2
1119476118,2,2
1119476126,2,3
264591778,3,2
178903482,2,1
269310398,1,2
16538049,1,1
256956890,2,1
256956894,1,2
2382306,1,1
447568355,1,1
447568367,2,3
599972341,2,2
2453756415,2,1
250042929,1,2
2802833984,1,1
252795457,2,1
2802833987,2,2
31906396,2,1
31906400,1,2
267016801,2,1
267016802,1,2
318790255,1,1
13884038,1,1
1673845382,2,2
318790278,1,1
110254733,1,1
318790290,1,1
4683586197,1,2
370236072,2,1
31906475,1,2
83221166,1,1
24500919,2,1
2117393080,2,2
24500922,1,2
24500926,2,1
31021783,2,1
356014812,1,1
24500957,1,2
24500960,2,1
1538874081,1,1
24500966,1,2
343661303,1,1
1538874109,1,1
761355016,1,1
86956838,1,2
21093167,1,1
355851092,2,3
17193814,2,1
194173795,1,1
1792695144,1,1
2382706,2,2
21388146,1,2
4110375801,2,2
14670717,1,1
14670720,2,2
21388164,1,2
21388165,2,1
2530663305,1,1
14670730,2,2
14670732,2,1
14670734,1,2
600824724,1,1
83057567,2,1
2054183844,2,2
83057573,2,2
355851181,3,2
83057581,1,1
86956976,2,1
282319794,1,2
57826232,1,1
2382800,1,1
180149202,3,3
250043348,1,1
2600754134,1,1
57826263,2,1
172743640,1,2
250043354,2,1
177691610,1,2
57826269,1,1
1585011680,1,2
1468455915,1,1
250043371,1,2
2382830,1,2
566287343,1,1
566287358,1,1
1538874372,1,1
1538874373,1,1
3682196488,1,1
2382884,1,2
1776311341,1,2
178871346,2,1
16538676,1,2
270785590,1,1
3368016953,2,2
270785600,1,1
31022162,1,1
31022165,2,1
154717,1,1
305716319,1,1
16538721,1,2
356539498,1,1
356539499,2,3
2382973,1,1
580748,1,2
320560282,2,1
52616348,1,1
154783,1,1
246996131,1,2
315841701,2,2
154793,1,2
1776311467,1,2
180149422,1,1
154803,1,1
154804,1,2
2327305417,1,1
154830,1,2
154831,2,1
154833,1,2
154834,2,1
33545426,1,2
33545425,2,1
33545438,1,1
1025498336,1,1
154883,1,1
301161736,3,2
1025498388,1,1
355851552,2,3
31022376,2,1
3833847084,2,1
7439801649,2,2
2383155,2,1
2383158,1,1
2600754488,1,1
318364985,2,2
2383195,1,2
2383200,1,2
515445,1,2
914382197,1,2
355851644,3,2
515452,1,1
1532550526,2,2
82730372,1,2
82730374,1,1
82730377,2,2
21028261,1,1
248470962,2,1
581050,2,1
1714806204,1,1
515525,1,2
301948364,2,1
715054543,2,2
914382292,1,2
515544,1,1
258366954,1,1
32562669,2,2
832101874,2,2
2383347,2,1
30039548,1,2
31022590,1,2
4515847680,1,1
31022594,2,1
515586,1,2
1585077780,1,2
16539158,1,2
15851031,2,2
28990999,2,1
28991001,1,2
28991003,1,1
15851040,2,2
254008866,2,1
581159,1,2
15851055,1,1
914382388,1,1
2383413,2,1
515637,2,1
1585077829,2,2
27352647,1,1
581194,1,2
1585077838,2,2
15851087,1,1
15851088,1,2
945184340,1,1
17063516,2,3
1174101608,2,1
1056431721,1,1
17063534,3,2
1255726706,1,1
147906163,2,2
147906165,1,1
281730677,1,1
281730683,1,1
198237825,1,1
178871938,1,2
1585077893,2,2
71392902,1,1
258367110,2,2
258367117,1,2
2381700755,2,1
1585077909,2,1
186801814,1,1
1056431765,2,1
2413420184,1,1
71392922,1,1
1585077917,2,2
21388961,1,1
28991142,1,2
198237864,1,1
31022761,1,2
177528494,2,1
1585077942,1,2
258367162,1,2
295067323,1,1
581314,2,1
581315,2,1
1866325697,2,2
295067336,1,2
21356260,1,2
581350,1,1
21356272,1,2
190177011,2,1
186801915,1,1
450304,1,1
21356294,2,1
194174731,2,1
1571118862,2,1
291331863,2,2
1255726871,1,1
581398,1,1
1255726875,2,2
281730849,1,1
450341,2,1
281730852,1,1
267411239,1,2
155434,1,2
267411246,2,1
291331888,1,2
155443,1,1
573398847,1,1
573398851,1,1
15359813,2,1
609410888,1,2
15359818,2,1
573398861,2,2
450389,2,1
15359829,1,1
15359832,1,2
450393,1,1
1174101852,1,1
298606431,1,1
450400,1,2
155492,2,1
155493,1,1
1255726961,1,1
130146180,2,1
31907725,1,1
1829167021,1,1
1829167022,1,1
230416302,1,2
230416304,2,2
282320814,2,2
356671416,1,1
1255727035,1,2
276914110,2,1
276914119,2,2
356671442,1,1
199024600,2,2
20930537,1,1
83222510,1,1
1237082108,2,2
316825611,1,1
516139,2,1
516140,1,2
27418674,2,1
2330484791,2,2
177659984,2,2
177659989,2,1
516185,1,2
21389441,1,1
1255727252,1,1
1794201,2,3
1794227,2,1
282321079,2,1
2125947064,2,2
516282,1,1
1255727293,1,1
1909678270,2,2
516287,1,2
516289,1,2
327082184,2,2
147906764,1,2
566550739,1,2
575660247,1,1
575660249,1,1
566550747,2,1
2125947102,2,2
15294689,1,1
15294694,1,1
292348144,2,1
15294711,1,1
11591932,2,2
1623777535,1,2
275702015,1,2
3783057670,1,1
1255727368,1,1
281043209,1,2
15294731,2,1
350380302,2,1
1174102302,1,1
15294762,1,1
15294766,1,1
256631093,2,1
268362039,1,2
1769333055,3,2
15294788,1,1
300605773,1,1
281043280,2,1
411492691,2,2
15294804,1,2
249160021,1,2
180150617,1,2
15294817,1,1
21717352,1,1
894722412,1,1
15294848,1,2
282747269,2,3
282747273,2,2
282747279,1,1
282747283,2,2
282747285,3,2
3340198309,2,2
3317621185,2,2
2984075755,2,2
267903469,2,2
311976432,1,1
316826097,2,2
267903474,1,1
5890549,2,1
2984075765,2,2
416637437,2,2
2984075777,2,2
292872709,1,2
2117591561,2,2
282321436,1,2
292872733,1,1
270524963,2,2
292872746,2,2
2094391850,2,2
282321450,2,1
6578734,1,1
6578736,1,1
292872753,2,1
2400182838,1,1
177660475,1,2
409592389,1,1
17195590,3,3
409592393,1,1
17195601,2,2
256926297,2,2
17195632,2,2
302899843,1,1
17195659,1,1
272032402,1,2
7430810,1,1
315089564,2,1
2257347229,1,1
83813026,1,1
7430820,2,1
315089577,2,1
7430828,1,1
256631470,2,1
315089584,1,2
7430849,1,2
259056334,1,2
3345769171,2,2
3345769179,2,2
259056362,2,1
12215025,2,1
45474557,2,3
651977470,1,1
2931548942,1,1
4111590159,2,3
2931548945,2,1
11658003,3,2
11658004,1,2
1561649955,1,1
216326952,1,1
21357370,1,2
259056443,1,1
20833093,2,1
292348751,1,1
21357393,1,1
259056474,1,1
11658079,1,2
610886502,2,2
2069128047,1,2
4945568623,1,1
5890932,1,2
5890934,1,2
5890948,1,1
2069128091,1,1
3360056235,2,2
2069128114,1,1
7431110,1,2
7431111,2,1
28959692,1,1
7431117,1,2
409199568,2,2
306471901,1,2
306471905,2,2
306471908,2,1
306471910,3,2
18015251,2,1
399139861,1,1
18015259,2,2
18277405,2,2
18277407,2,2
399139877,1,1
18277418,2,1
1549558846,1,1
1795138,2,2
2703025235,1,1
1038247031,1,1
278520956,2,1
311977085,1,1
311977088,1,1
285467785,2,1
177661073,2,2
177661076,2,1
27485339,1,2
54060200,2,1
5924021,1,1
5924022,1,1
335701187,1,1
120317145,1,1
2802935003,2,2
13034719,1,1
293496039,2,2
17196280,1,2
13034745,2,1
119137531,1,2
119137539,1,1
3933234445,1,1
221504786,2,1
33678610,1,1
315483415,1,1
266921240,2,2
315483420,2,3
221504797,2,2
259024168,1,1
259024171,3,3
259024175,2,2
259024178,1,1
177661242,1,2
3340461394,2,2
26699093,2,3
266921309,1,1
295560542,1,1
295560546,1,2
295560555,1,1
1687053675,1,2
295560560,2,2
1659626866,2,1
352675189,1,1
352675194,1,1
352675196,1,1
301229441,1,1
352675205,1,1
26699153,1,1
26699160,1,1
7431579,2,1
7431577,1,1
2102125977,2,1
270460314,2,2
25912741,1,2
2169693618,1,1
2102126008,2,1
2102126017,2,1
480339401,2,1
256632268,1,2
430728655,2,2
256435699,1,1
3239339515,1,1
3239339516,2,2
270427656,1,1
21718539,1,2
270427662,2,2
17196558,2,2
270427668,1,2
2385433,2,1
1484187175,1,2
266397236,2,1
2385468,1,2
319219261,2,1
266397253,2,2
1659627083,2,1
266397268,1,2
474375792,1,1
474375812,2,1
474375813,2,2
97674887,1,1
97674892,2,1
97674896,1,2
288403,2,1
97674900,2,2
3210569370,2,2
288464,1,1
32925394,2,1
60647126,1,2
32925400,1,2
198305499,1,2
60647131,2,2
506488541,2,1
112420574,1,2
368305895,1,1
279963372,1,1
2100160247,2,3
279963395,1,1
30926604,1,1
279963409,1,1
288540,2,1
288543,1,1
262498091,1,2
262498093,2,1
262498101,1,1
288568,1,1
388359998,2,3
262498111,2,2
262498115,2,1
388360004,2,2
32925507,1,2
388360011,2,2
280520524,1,1
262498133,2,2
32925525,2,1
388360027,1,1
62351202,3,2
62351203,2,3
1484187492,1,1
134571881,2,1
271673196,1,2
270428014,1,1
32925554,1,2
270428026,1,1
29747074,2,1
29747075,1,2
29747082,1,1
32925578,1,2
198305685,2,1
482895768,2,1
164128664,1,2
1639311258,2,1
1639311272,1,1
295856041,2,1
304605099,3,2
32925611,2,2
32925616,2,2
2746293,1,1
1564436405,1,1
256632769,1,2
1970857928,1,1
93644753,1,1
360900566,1,1
1345578971,1,1
270428125,1,1
2927683550,1,1
93644769,2,3
4128106465,1,1
93644776,2,3
2927683567,2,1
360900597,1,1
197421061,3,2
241788937,2,1
197421074,2,3
2341824561,2,1
17066036,2,3
2385980,3,2
2385992,3,2
307062861,1,2
2385999,3,3
307062865,2,2
307062864,3,2
83028059,2,2
2746458,2,1
15296604,1,1
3804096609,2,2
78375021,1,1
3804096623,2,2
32925808,1,2
2071718015,2,2
942041220,1,2
32925849,1,2
309225630,1,1
2071718066,2,2
3332303035,2,1
37939390,2,1
31680704,1,1
271345857,2,1
1531603143,1,1
37939403,1,1
4142754021,1,1
4142754037,2,2
67102968,2,2
247032060,1,1
15296768,2,1
15296769,1,2
15296771,2,1
246016267,1,1
304638222,1,2
67102993,1,2
155183384,2,2
67103007,1,2
288385333,1,1
177695030,1,1
1184983370,1,1
71756130,2,1
35252587,1,2
35252589,2,1
35252592,1,2
35252597,2,1
17164664,1,1
40790404,1,2
309225869,2,2
13887887,1,1
309225873,3,2
130148753,2,2
40790425,2,2
17197477,2,1
31091110,2,2
40790440,2,2
551414185,3,2
31091113,1,1
31091114,1,1
551414199,2,3
177695159,1,2
130148802,1,1
318368205,1,1
31091156,2,1
318368216,1,1
318368217,1,1
305818077,1,1
318368225,1,1
30239200,1,1
15296995,2,1
188475884,1,1
18377207,1,1
320137728,2,3
320137731,2,2
18377220,1,2
18377226,1,1
2158553612,1,2
18377235,2,1
18377243,1,1
45476384,3,2
584239,2,1
584250,1,2
584253,2,1
178973263,2,2
1956833876,1,2
3630197352,1,1
320596593,2,1
178842237,1,1
21260927,2,1
320596607,2,2
40790657,1,1
320596616,1,1
12249744,2,2
155183760,2,1
199027346,1,1
40659608,1,1
178973341,2,1
12249776,2,1
614099633,2,2
12249790,1,1
556657366,2,1
1547889368,1,1
2072210144,2,1
430467816,1,1
178973417,1,2
430467821,1,1
1561651956,1,1
1559194374,1,2
21261070,1,1
17558293,1,2
275049239,1,1
17558299,1,1
17558301,1,1
3347606302,2,2
28338976,2,3
41216802,2,1
298085155,1,1
17558308,1,2
28338982,1,2
28338992,3,2
100297520,1,1
177695544,2,1
1119316815,2,3
1548774224,1,1
309226322,3,2
1559194457,2,1
1548774239,2,2
1548774243,2,1
294054757,2,2
3317459820,2,2
198339441,2,1
3317459836,2,2
275704709,2,1
11594630,1,2
15428496,1,1
31320981,2,2
564652961,2,2
564652963,2,1
15428517,1,2
2106256296,1,2
2106256298,2,1
267414445,2,2
2106256304,1,1
178940850,1,1
15428531,1,2
2106256307,1,2
15428534,1,2
3867077560,1,1
178973625,2,2
318696380,1,1
3867077570,1,1
318696386,1,1
318696388,1,1
318696393,1,1
2106256328,2,1
15428557,1,1
2123459533,2,2
88992723,2,2
15428566,1,1
267414487,2,3
584662,2,1
463236056,3,2
463236055,3,2
584669,2,1
267414501,3,2
15428587,2,1
178973677,1,2
15428592,1,1
584688,2,1
88992752,2,1
1938516980,2,2
301231094,2,2
27388919,1,2
301231095,2,2
62352380,2,2
15428604,2,1
15297531,1,1
15428613,2,1
15297536,2,1
15297537,1,2
15297543,1,2
15297541,1,1
249326607,1,1
15428625,1,1
331836438,1,2
274230295,2,2
1951362074,1,1
566258719,1,1
566258720,1,1
584740,2,1
15428651,1,1
15428653,1,1
15428656,1,1
288975923,2,2
15428661,1,1
15428663,1,1
178973754,2,1
15428672,1,1
25586756,2,1
584775,1,1
584779,2,1
15428684,1,1
309226577,2,2
25586772,1,1
1582754914,2,2
584812,1,1
24669294,1,1
1407708284,2,2
1407708285,2,2
72871040,2,1
584833,1,1
24669316,2,1
72871057,2,2
584861,2,1
303295647,1,1
72871074,2,2
454388900,1,1
584882,1,2
249326786,1,1
584907,1,1
584908,1,1
660860108,2,2
203517149,1,2
104623332,1,1
203517159,2,1
4746471,2,1
13888745,1,2
3850235113,1,2
21490924,1,2
21490925,1,1
331443455,1,2
160394518,1,1
918416671,1,1
3669978407,2,1
3669978409,1,2
301624620,2,2
301624624,1,1
289434946,1,1
280554818,2,2
1673981258,3,2
125070679,1,2
125070697,1,2
76475770,1,1
76475773,2,1
6068104581,1,1
3327389066,1,1
388984203,1,2
125070736,3,2
291171729,2,2
388984211,2,2
291171731,1,1
388984215,1,1
1531080107,2,3
1607560628,1,1
490663357,1,1
1607560641,1,1
265973199,2,1
265973200,2,2
319221228,1,1
17165808,1,1
241790448,1,2
266399221,2,2
266399223,1,2
1487924731,1,1
17165828,2,2
28339718,1,2
197422607,1,1
25587215,2,2
21098009,2,2
28339739,2,1
1530981917,1,1
21098013,1,1
245034531,1,2
76475947,1,2
197422642,1,2
245034607,2,1
245034622,1,2
2334453377,1,1
2334453378,1,1
690777737,1,1
76476041,2,2
245034636,1,2
17165971,2,2
76476051,2,2
3979472544,2,1
3979472545,2,1
3979472546,1,2
76476065,1,2
3979472550,1,2
52031155,3,3
266399411,1,2
17166006,1,1
43347644,1,1
52031165,2,2
1516302030,2,1
245034707,1,2
1516302035,1,2
76705493,2,2
76705504,2,3
43347682,2,2
245034725,2,1
76476137,2,2
245034732,1,2
1575448307,1,1
245034759,1,1
245034775,1,1
245034782,1,2
245034784,2,1
514387750,1,1
3362123560,2,2
30207785,2,1
3153555244,1,2
3153555245,2,1
3153555250,2,1
1428909895,2,2
78376796,1,1
2595909472,1,1
43347810,2,1
78376807,2,2
2259808110,2,2
21557108,1,1
2259808116,2,2
1642884987,1,2
78376830,2,1
5838008206,1,1
31256472,1,1
17166232,1,1
75591580,1,1
197783471,1,2
197783474,2,1
3153555395,1,1
3153555396,1,1
3153555397,1,1
3153555398,1,1
197783494,2,1
17166348,2,1
129953810,1,2
3015241749,1,2
2363191326,1,2
3015241757,1,2
21557282,2,2
21557288,2,2
31322158,2,1
31322169,2,1
25620551,1,1
25620555,2,2
21557325,2,2
76705889,2,2
2791403638,1,1
245035131,2,1
1613590657,1,2
250966173,2,1
250966178,1,2
183922852,1,1
282751142,1,1
250966183,2,2
1613590705,2,2
282751158,1,1
256012470,1,1
245035227,2,1
1631842529,1,2
1631842533,1,2
129954023,1,2
2405921000,3,2
256962795,2,1
129954027,2,2
2405921008,3,3
262107380,1,1
2405921016,3,2
129954041,2,1
1631842554,1,2
245035259,2,1
60289276,1,2
60289278,2,1
1827795200,1,1
1716515075,1,2
1827795202,1,1
2006118661,2,2
281735438,1,2
60289295,1,2
281735439,2,1
281735437,2,1
262500625,1,2
2670129431,1,1
262500629,2,2
96465173,1,2
1037922587,2,2
24899876,2,2
315846954,1,2
2748576049,2,2
28537140,2,2
96465206,1,2
2046718263,1,1
2711613753,1,1
427782465,1,1
319385922,1,1
28537154,1,1
28537159,1,1
261189967,1,1
245035354,1,2
1588490598,1,2
245035379,1,2
127349,1,1
245035383,2,1
2262397307,2,2
1038152061,1,1
127358,2,3
127357,2,2
147845505,2,1
1248981379,2,2
245035401,1,2
3787288974,1,2
388985233,3,2
18575766,1,1
245035419,2,1
2507927970,2,2
245035433,1,1
2507927979,2,2
127413,2,2
63467957,2,2
248705477,1,1
2362208713,2,2
2362208717,2,1
387871181,1,1
2362208719,1,2
2362208724,2,1
1613591007,1,1
3357372898,2,2
45478376,1,1
2362208751,2,2
2362208755,1,2
2362208766,1,1
2362208772,1,1
3252843022,1,1
270365199,2,2
778269226,1,1
248705597,1,1
270365249,2,2
254014043,1,1
129954396,2,1
21525094,1,1
490533480,2,2
1829073532,1,1
304607871,1,1
1829073540,1,1
304607881,1,2
2674619018,1,1
778269332,1,1
1829073556,1,1
248705699,1,1
254014125,2,2
254014135,2,1
2046358218,1,1
20968154,1,2
178942705,1,1
2056516339,1,1
274821897,3,2
274821899,1,1
274821907,2,2
1564111637,2,1
248214292,1,2
248214301,2,1
248214304,1,2
1930021,2,2
251818804,1,1
1402696505,1,1
248214332,2,1
1530295101,1,1
1402696516,1,1
33125222,1,2
21525353,1,1
33125227,1,2
21525355,1,1
33125230,2,1
177566576,1,1
164066189,1,2
266400662,1,1
255947675,1,1
164066203,1,2
91059101,1,2
2021880739,3,2
91059117,1,1
17200054,1,2
25686968,2,1
25686970,2,2
25686976,1,1
248509379,2,1
266400729,2,2
266400730,1,2
264369126,1,2
1573155839,1,2
81327111,1,1
1056470026,1,2
1056470034,2,2
3661493267,2,1
25588764,1,1
25588765,1,1
2994435100,1,1
70284330,3,2
25588781,1,1
177566771,1,1
25588788,1,1
70284348,1,2
7248835657,2,1
496006222,1,1
404747346,2,1
70284365,2,2
2939155542,1,1
496006235,1,1
266400869,1,2
266400870,1,2
7248835689,2,2
7248835706,2,1
71595133,2,1
71595140,2,2
71595151,2,1
35157166,2,2
29127856,1,2
1930467,3,2
2165044456,1,2
13890800,2,2
21525751,2,1
357624,1,1
1930490,2,2
26113281,1,1
13890818,2,3
21525763,1,2
21525766,1,2
1601074441,1,1
34469146,1,1
90469664,1,1
128290,3,2
34469156,3,2
1930535,1,1
128307,3,2
128309,3,2
128315,2,3
128318,2,2
333542728,2,2
21263689,2,1
1065448779,1,2
1065448799,2,1
357734,1,2
357736,2,2
21263721,1,1
5633390,1,1
329676152,1,1
320140679,2,2
34829704,2,3
21263758,2,1
34829714,3,2
270464404,2,2
34829717,3,2
21263762,2,1
1552709017,1,1
34829723,3,3
1552709019,1,1
2240116127,1,1
357797,3,2
357799,2,3
267482538,1,2
267482541,2,2
357807,2,3
267482544,2,2
267482545,1,1
357811,2,3
357813,2,2
357816,1,1
267482551,2,1
5633479,1,1
5633483,1,1
1578104267,1,1
2121168353,2,2
21493223,1,2
2069132781,1,1
268858866,1,1
21263868,1,2
21263869,1,2
319321610,1,2
2536273423,1,2
2536273426,2,3
319321619,2,1
21263895,2,1
21263908,1,2
496956968,1,1
515634743,1,2
515634805,2,1
331478651,1,1
331478661,2,2
2770597522,1,1
27260567,1,2
94008984,4,2
247035545,1,1
27260568,2,2
27260570,1,1
2325640860,1,2
325286,1,1
1231156926,3,2
487651040,1,1
487651045,1,1
2303031023,1,1
21296880,1,1
2303031024,1,1
129955573,1,2
21296899,1,1
129955592,2,1
21493515,2,1
2527819535,2,2
5881689882,1,2
2528704289,2,2
2303031081,1,1
130021168,2,2
620338,1,2
60290870,2,1
60290872,1,1
266401599,1,2
403830593,1,1
266401603,1,2
7221442376,1,2
1836775244,1,1
26474328,1,1
26474330,2,2
1099560796,1,1
71759709,1,1
1099560799,2,1
1580169075,2,1
266401655,1,1
468416379,2,1
249788321,2,1
3164272556,2,1
3164272558,2,1
21133234,1,1
21133235,1,1
2406774712,1,1
60585913,1,1
128961,2,1
128963,1,2
128969,1,1
128970,1,2
128971,2,1
244971465,1,1
33617876,2,1
21297111,1,2
248707031,1,2
297498589,1,1
297498592,2,2
244971488,1,1
297498596,1,2
129001,1,2
129002,2,1
21297142,1,1
248707078,1,1
620552,2,1
248707081,1,1
248707095,2,1
322598936,2,3
256014367,2,1
620577,2,1
25032743,2,2
25032746,2,2
129071,2,1
21297199,1,2
129077,2,1
33617976,2,1
129082,1,2
2303031354,1,1
177469506,1,2
25032774,2,2
129095,1,2
129100,1,2
178878546,2,1
3179509846,1,1
562788450,1,2
3314317412,2,2
129129,2,1
25720941,1,1
25720943,2,1
24508531,1,2
25720947,2,2
129141,1,2
242710644,1,1
24508536,4,4
24508539,1,1
266401916,2,2
266401917,1,1
242710651,2,2
24508544,2,1
129152,2,1
129155,1,2
24508557,2,1
60881039,2,1
484702351,1,2
24508561,1,2
24508569,1,1
129177,1,2
129178,2,1
129180,1,2
129181,2,1
266401950,1,2
266401949,2,1
129194,2,1
147912875,2,1
590608554,1,1
129197,1,2
129210,1,1
129211,1,1
266401981,1,1
60881090,1,2
1554741448,1,1
266401993,1,2
266401995,2,1
1554741451,1,1
129230,1,2
562788560,2,1
129231,2,1
129234,2,1
562788563,1,2
21297366,1,1
562788566,2,1
255883485,1,1
255883486,2,2
255883488,2,2
129256,2,1
2095872232,1,1
129258,2,1
177666279,2,1
60881136,1,1
27457777,2,2
2095872246,1,1
2166749428,1,1
2166749426,1,1
27457786,1,1
309229821,2,3
25032962,2,1
129293,2,1
926087439,2,2
60881171,1,1
248477972,1,1
2180938009,1,1
926087453,1,2
60881193,2,1
60881202,1,2
31226164,2,1
180156731,2,1
265648446,1,1
96467270,2,1
60684618,2,1
325965,1,1
60881230,2,1
178878803,2,1
60881238,2,2
325977,1,1
926087513,2,1
248215902,1,1
129377,2,1
248215905,1,1
2019785065,2,2
129385,1,2
129386,1,2
129390,2,1
599980398,1,1
60881266,1,2
2410314106,2,3
335378817,3,2
60881292,1,2
60881295,2,1
178911631,1,1
326036,1,1
326042,1,1
60881314,1,2
1122433461,1,1
129483,2,1
583891406,2,2
2718171,1,2
1282472421,2,2
305789414,1,1
2152921585,1,2
82737654,1,2
268499446,1,1
414218746,1,1
129540,1,1
436599301,1,1
129543,1,2
129544,2,1
129545,2,1
1575418404,2,2
129573,1,2
24836651,1,2
251820588,2,1
2152921644,1,1
256408115,1,1
256408118,2,2
256408121,2,3
227903,1,2
3317496396,1,1
3317496397,2,2
21690967,1,2
38435415,1,1
21690972,2,1
129628,1,1
129633,1,1
21690978,1,2
129637,2,1
129639,1,2
38435440,2,1
38435442,2,1
90798709,2,1
364837494,1,1
129667,2,1
129670,2,1
1412397715,2,1
21297817,1,1
129690,2,1
412383912,1,1
412383916,1,1
412383917,1,1
412383922,1,1
25033396,1,1
25033399,2,2
412383929,1,1
20970170,1,2
129956543,1,1
160398021,2,2
251820756,1,1
1048902370,2,2
129771,2,1
129774,2,2
129777,1,1
129778,1,2
129781,2,2
2073459445,1,2
2073459446,1,2
129785,1,1
3165747964,1,2
255949571,1,1
255949576,1,1
255949582,1,1
2073459488,1,1
33553195,1,1
33553198,2,1
2573400914,1,1
180157269,1,2
2073459554,2,1
310934373,2,2
129902,2,2
129903,2,3
2073459566,2,2
3824778094,1,1
1370487665,3,2
129911,2,1
1370487674,2,3
282393478,1,1
1537342344,1,1
129934,1,2
129935,2,1
129937,2,1
3824778135,1,1
1774287768,2,2
129950,1,1
1537342368,2,2
1537342374,1,1
3837066157,2,2
70450102,1,1
331480006,1,2
561052616,1,1
281410506,1,1
277674965,1,1
809204700,1,1
819690473,1,1
34438121,1,1
2073459691,2,2
177470450,1,1
2073459705,2,1
2718721,1,1
539786241,1,1
2718731,1,1
479099922,2,1
310934553,1,1
21298202,1,2
130077,2,2
310934558,2,2
257588255,1,2
1547861025,1,1
130082,3,2
130081,2,3
130105,1,2
177634369,1,1
130114,2,1
130122,1,2
1358003274,2,2
177568844,2,1
130125,1,1
819690576,1,1
130131,2,3
130132,2,3
130134,2,2
257588307,1,1
130138,2,2
20970587,1,2
1358003299,1,1
326757,1,1
326760,1,1
191691881,2,2
191691884,2,2
1685814399,1,2
2163557294,2,2
191691915,1,2
492829835,1,2
231832742,2,2
24902838,1,2
312802493,1,1
271383747,1,1
257588458,2,1
653950200,1,2
712375567,1,1
2140962077,2,2
1646296353,1,1
1059847463,1,1
7437618,2,1
70909241,1,1
1075903808,1,1
21495115,1,2
70909264,1,1
26559447,1,2
70909267,1,2
160398690,1,2
177470822,2,1
3291839850,2,1
247364973,2,1
1646296429,1,1
3291839857,1,1
2719111,2,1
1646296456,2,1
251428232,2,2
1598684558,1,1
1646296464,2,2
257883537,2,2
251428240,3,2
248184212,2,2
248184221,2,1
248184234,1,2
265649581,2,1
265649582,1,2
12778929,1,1
265649588,2,2
12778934,2,2
12778935,2,1
1646296507,1,2
265649596,2,1
747044287,1,1
21495237,2,1
21298629,2,1
231243209,1,1
1646296524,2,2
2739338707,2,2
665845203,1,1
231243234,1,1
177470950,2,2
320372200,1,1
305790441,1,1
177470952,1,2
293502449,2,2
1932788,1,1
1899789817,2,2
1899789823,1,1
18021891,1,2
160398857,2,1
1791491602,1,1
18021911,1,2
293502497,1,1
1899789860,1,1
21495340,1,2
177569330,2,2
177569334,2,2
1661566523,1,2
7047151167,3,2
18021952,2,1
7047151172,2,3
7047151175,3,2
7047151180,2,2
18021976,1,1
294190693,2,2
747044454,1,1
294190712,2,2
244121232,1,2
178978452,1,1
178978456,2,2
2348973725,1,1
26869408,1,1
26869409,1,1
178978466,2,1
26869411,1,1
26869410,1,1
178978472,1,2
275873449,1,2
178978478,1,1
214007473,1,1
178978481,2,2
178978483,1,2
178978493,2,1
26869438,1,1
732069565,1,1
390987462,2,2
1732705991,1,2
21724889,1,2
3252584155,2,2
21724896,1,2
21724901,1,2
1307868904,1,1
21724904,2,2
191954667,2,2
21724907,1,1
21724909,2,2
21724910,2,1
21724913,2,1
21724917,1,2
301760257,2,1
214007565,2,1
320077582,1,1
267058977,2,2
248643363,3,2
249326581,1,1
60161846,1,2
27164474,1,2
248708935,1,2
17071951,1,1
255950674,1,1
255950679,1,1
255950680,1,1
17071968,2,2
107642722,1,1
177635173,2,1
6238142313,2,1
274825066,2,2
248708969,1,1
290848621,2,2
274825071,2,2
248708979,1,1
21299061,1,2
177635198,2,2
364314500,1,1
177569672,1,2
247365525,1,1
1661566873,1,1
2066022302,1,1
248709023,2,1
248709027,1,2
1448542120,1,1
301760430,2,1
17203139,2,1
257884103,2,2
248709071,1,1
248709078,1,1
2929885145,1,1
1448542169,1,1
274825180,2,2
274825184,2,1
278527972,2,2
5564039141,1,1
472317929,2,2
17203179,2,2
3866951662,1,1
248709104,2,1
269746165,2,2
12779516,1,1
