,node,in_degree,out_degree
0,60948486,2,1
1,60948490,1,1
2,60948494,2,2
3,60948500,1,1
4,60948502,2,2
5,60948508,1,2
6,1448542252,2,2
7,251396141,2,1
8,21758007,2,2
9,649527377,2,2
10,1448542296,2,2
11,1448542303,2,1
12,248217699,1,2
13,248217700,1,1
14,248217701,1,2
15,7438440,2,1
16,248217705,1,2
17,248217706,2,1
18,248217715,2,1
19,7438452,3,2
20,248217723,2,1
21,248217731,2,1
22,301629595,1,1
23,274825373,2,1
24,3909353631,1,1
25,3909353632,1,1
26,267223201,1,1
27,1123483817,3,2
28,1123483818,2,3
29,476971178,1,1
30,75890864,1,2
31,529170634,2,3
32,1565917395,2,1
33,529170658,3,2
34,177635554,1,2
35,274825445,1,2
36,529170665,2,3
37,736592111,1,1
38,60195060,1,2
39,529170675,2,2
40,529170680,1,1
41,472613118,1,1
42,2923462918,1,1
43,177602845,1,1
44,529170723,3,2
45,472613165,1,1
46,3356590384,1,2
47,1486127410,2,1
48,60621126,2,2
49,151028068,1,1
50,181764461,3,2
51,125075834,2,1
52,26608001,1,1
53,237699480,1,1
54,31949215,1,1
55,181764519,1,1
56,237699517,1,1
57,1075904970,1,1
58,602603979,1,1
59,429785550,1,1
60,181764559,1,2
61,255885776,2,2
62,255885778,2,1
63,26608084,1,2
64,31949268,1,2
65,602603990,1,1
66,429785554,1,1
67,429785552,2,2
68,33325533,1,1
69,26608099,2,1
70,261095925,1,1
71,261095930,2,2
72,2538504700,2,1
73,181764606,3,2
74,147816962,2,1
75,30704136,1,2
76,30704152,1,1
77,736592425,1,1
78,76579373,1,1
79,30704176,2,1
80,76579380,2,2
81,269419062,1,2
82,2351825462,2,2
83,76579387,2,2
84,76579392,1,2
85,252805710,1,1
86,105611859,1,1
87,2022081118,1,2
88,3172467322,1,1
89,1576895115,2,1
90,295586,1,1
91,295587,1,1
92,295588,1,1
93,281805481,1,2
94,295599,1,1
95,281805492,2,2
96,281805502,1,1
97,6975455945,1,1
98,2159805129,2,2
99,255886027,1,1
100,281805519,2,1
101,262868,1,1
102,281805532,1,2
103,717554407,1,2
104,1099465448,2,1
105,1802985,2,3
106,5483135723,2,1
107,262896,2,1
108,5483135729,1,2
109,183272182,1,1
110,281805559,2,2
111,281805565,2,2
112,281805567,1,1
113,1099465477,1,2
114,2029224717,1,1
115,2029224720,1,1
116,281805584,2,1
117,281805590,1,1
118,96994072,2,2
119,251069215,2,1
120,281805608,2,1
121,281805615,1,1
122,281805639,2,2
123,21758792,1,1
124,281805661,2,1
125,177603424,1,1
126,160400250,1,1
127,264012680,1,1
128,264012684,2,2
129,267584398,1,1
130,264012690,2,1
131,267584413,2,2
132,270369709,1,1
133,261587895,1,1
134,3164275658,1,1
135,261587921,1,1
136,270369754,1,1
137,31949788,1,2
138,247366623,1,1
139,142738408,2,1
140,304874478,1,1
141,1642890233,1,1
142,597328890,2,1
143,364938236,2,2
144,6991447041,2,2
145,907183115,2,2
146,12452885,1,2
147,313951270,1,1
148,959579184,1,1
149,21300290,1,2
150,1803334,2,3
151,301761611,2,1
152,3152774223,1,1
153,3152774225,1,1
154,12452969,2,1
155,3152807026,1,1
156,355501182,1,1
157,320046210,1,2
158,5538120835,1,1
159,14779526,2,2
160,14779533,1,1
161,467764369,1,1
162,293536959,1,1
163,243664094,1,1
164,243664095,1,1
165,178881765,1,2
166,243664103,1,2
167,243664106,2,1
168,427250,1,1
169,427257,2,2
170,264504570,2,2
171,427260,1,2
172,264504572,3,2
173,242058499,1,1
174,130254090,2,2
175,264504592,2,3
176,242058512,2,2
177,130254100,2,3
178,27428120,1,2
179,369853725,1,1
180,265782559,2,2
181,265782560,3,2
182,265782561,1,1
183,17073440,2,1
184,265782565,2,2
185,427301,2,1
186,129959213,2,2
187,302613807,2,2
188,129959223,2,1
189,60261692,2,2
190,302613821,1,1
191,1944618306,1,1
192,129959235,1,1
193,2981496138,2,1
194,129959249,1,2
195,129959255,2,1
196,302613848,2,1
197,302613849,1,2
198,301761879,2,1
199,3033793882,2,1
200,6557336920,1,1
201,302613854,1,2
202,3331130718,2,2
203,254018913,2,1
204,30770530,3,2
205,6021449059,1,1
206,302613859,2,2
207,302613861,1,1
208,129959272,1,1
209,6021449066,2,2
210,302613869,2,1
211,25855362,1,1
212,417465743,2,1
213,160400793,2,2
214,6787270047,1,1
215,3317597610,2,2
216,25855420,2,1
217,25855443,1,2
218,399181292,1,1
219,294159856,1,2
220,25921008,1,1
221,12977714,2,1
222,12977721,2,1
223,399181371,1,1
224,12977739,2,1
225,70977106,1,1
226,1165723225,1,1
227,301762153,1,2
228,4184409717,1,1
229,31065719,1,1
230,26609271,1,2
231,588514935,2,1
232,1379632771,2,1
233,1379632772,2,2
234,1379632781,2,2
235,1379632783,1,2
236,2164131483,1,1
237,1944618653,1,1
238,363595424,2,2
239,1440417453,1,2
240,1440417460,2,1
241,160401076,1,2
242,60196545,1,1
243,293242577,1,1
244,245040850,2,1
245,197756649,2,2
246,293242603,2,2
247,17204988,1,1
248,319522557,1,1
249,319522565,1,1
250,197756682,2,1
251,319522577,1,1
252,21759781,2,2
253,178882368,2,1
254,21759812,1,2
255,21759816,2,3
256,197756747,2,2
257,197756756,1,2
258,277251926,2,2
259,88278884,3,3
260,88278892,2,3
261,197461915,2,1
262,88278955,3,3
263,292292529,2,1
264,160401330,2,1
265,279873463,2,1
266,2223540170,2,2
267,297502670,2,2
268,267880398,2,2
269,297502673,1,2
270,297502674,1,2
271,297502682,2,2
272,297502685,1,1
273,197461981,2,1
274,297502687,2,2
275,297502692,2,1
276,129959909,1,1
277,277350380,1,1
278,292292593,1,1
279,428041,3,2
280,428050,2,3
281,428052,2,3
282,428053,2,2
283,428054,3,2
284,3065972758,1,1
285,248154136,2,1
286,428056,3,2
287,428060,1,1
288,10258463,2,2
289,10258465,2,2
290,277350438,1,1
291,130156604,3,2
292,492767307,1,2
293,492767312,2,2
294,177637461,1,1
295,562792536,1,2
296,194054238,3,2
297,492767330,1,1
298,492767335,2,1
299,4090660982,2,2
300,178948216,1,1
301,2363164794,1,2
302,17205380,1,1
303,307628167,2,3
304,21039252,1,1
305,332073109,2,2
306,332073127,1,1
307,59771060,2,2
308,59771069,2,2
309,59771076,2,2
310,60197067,2,2
311,2976286925,2,3
312,181635287,2,2
313,457476327,2,1
314,1694730472,1,1
315,268339431,1,1
316,268339432,1,1
317,485230828,2,2
318,3140651246,2,2
319,82741492,2,1
320,485230838,2,2
321,114264331,2,2
322,1935634,2,2
323,1935639,1,1
324,114264355,1,2
325,177539364,1,1
326,1089505582,1,1
327,114264370,2,1
328,276924733,1,1
329,27658558,2,3
330,276924735,1,1
331,27658563,2,3
332,12454218,1,1
333,348653900,1,1
334,12454239,2,1
335,4649224545,1,1
336,12454243,1,2
337,12454247,2,2
338,12454249,2,2
339,258509162,1,1
340,256936302,1,1
341,2106263919,2,2
342,267880813,2,2
343,258509165,2,1
344,267880821,1,2
345,258509173,2,3
346,95717759,1,1
347,256018816,1,1
348,2118977927,2,1
349,2118977931,2,2
350,1985776024,2,2
351,267880862,2,1
352,313035173,1,1
353,267880874,3,3
354,271780284,1,2
355,256018890,2,2
356,2503674328,1,1
357,256018910,1,1
358,2465729002,2,2
359,177605112,1,2
360,177605113,2,1
361,320113158,1,1
362,286525970,1,1
363,256018971,1,1
364,256018976,1,1
365,299731489,1,1
366,290261543,2,2
367,3152775728,2,1
368,666143313,2,2
369,2099284564,2,2
370,41716315,1,1
371,256019043,1,2
372,17205863,2,3
373,41716332,1,1
374,312412782,2,2
375,21105297,1,2
376,41716372,1,1
377,109709988,1,1
378,21105331,1,1
379,413698740,2,1
380,413698741,1,2
381,413698742,1,2
382,41716427,1,1
383,41716429,1,1
384,21105360,1,2
385,41716441,1,1
386,41716444,1,1
387,21105384,1,1
388,41716459,1,1
389,41716463,1,1
390,177605358,1,1
391,2739440369,2,2
392,293473020,1,1
393,293473023,1,1
394,2788494083,2,2
395,288525059,1,2
396,2788494086,1,2
397,293473033,2,1
398,293473035,1,1
399,1015974678,1,1
400,1557367577,1,2
401,26020637,2,1
402,2302937903,1,1
403,1557367602,1,2
404,2576124723,1,1
405,2260306740,2,2
406,1816464182,1,1
407,1557367604,1,2
408,652806969,1,1
409,1015974716,1,1
410,2349075261,2,2
411,1015974720,1,1
412,11307843,1,1
413,148933445,1,1
414,2046495568,1,2
415,1372359529,1,1
416,5572889466,1,1
417,1557367675,2,2
418,177539966,2,1
419,258509694,2,2
420,5572889480,1,1
421,177539988,1,1
422,387451801,2,3
423,387451819,2,2
424,178949038,1,1
425,376015791,2,1
426,27069361,1,1
427,1557367732,2,1
428,21760961,2,1
429,1089506246,1,1
430,27069384,1,1
431,27069385,1,1
432,1557367753,1,1
433,249072592,2,3
434,27069393,1,1
435,320146386,2,2
436,249072598,3,2
437,320146398,1,1
438,27069416,1,1
439,1596656617,1,1
440,177540072,1,2
441,1937804267,1,1
442,265197,1,1
443,430410734,1,1
444,27069426,2,1
445,430410737,1,1
446,570264582,3,2
447,1484524554,2,1
448,269716492,1,2
449,1596656653,1,2
450,1596656675,1,1
451,14388263,2,1
452,14388264,1,2
453,21531699,1,1
454,12454966,1,2
455,12454974,1,1
456,292949057,2,2
457,331484247,1,1
458,1648594009,1,1
459,317361247,1,1
460,1372359775,1,1
461,429198436,2,2
462,319491172,1,1
463,319491178,1,1
464,69536879,2,2
465,2130873481,2,1
466,1438682272,2,1
467,3152809131,1,2
468,177507499,2,1
469,2130873530,2,1
470,3126725831,2,2
471,12455112,1,1
472,12455113,1,1
473,1107332302,1,1
474,3221818588,1,2
475,265437,1,1
476,265441,1,1
477,12455138,1,1
478,461573350,2,2
479,1107332328,1,1
480,12455146,1,1
481,2214530313,1,1
482,268340498,1,1
483,1467944212,2,1
484,1692306712,1,1
485,75664669,1,1
486,1572998454,1,2
487,3005910326,2,2
488,3291843901,1,2
489,12455233,2,1
490,2375945541,2,2
491,10718542,2,2
492,12455248,2,1
493,319524198,1,1
494,319524203,1,1
495,1618939251,2,2
496,265653622,2,2
497,308219301,2,2
498,3316583849,2,2
499,308219306,2,1
500,119803319,1,1
501,1058803144,1,1
502,1058803189,1,1
503,69471735,1,2
504,352685565,1,1
505,352685570,1,1
506,366546436,1,1
507,366546441,1,1
508,2983431693,1,1
509,257363475,2,2
510,260214293,1,1
511,257363479,3,2
512,257363480,1,1
513,1058803232,1,1
514,244420137,3,3
515,244420164,2,1
516,244420171,1,2
517,61083214,1,1
518,399216218,1,1
519,271421025,1,2
520,632327791,2,3
521,2490994298,1,1
522,6032199292,1,1
523,6032199298,1,1
524,292949649,3,2
525,319524511,1,1
526,319524516,1,1
527,1913949867,2,1
528,2062356139,1,1
529,206114497,1,1
530,988778188,1,1
531,3172437713,2,1
532,445189856,1,1
533,445189860,1,2
534,3316584168,2,2
535,278728429,1,2
536,278728440,2,2
537,293441274,1,1
538,1677692667,1,1
539,3137244925,1,1
540,293441279,1,1
541,289214210,2,2
542,278728462,2,2
543,29986581,2,1
544,319754004,1,1
545,278728470,2,2
546,2670104347,1,1
547,319754012,1,1
548,57872157,2,2
549,3336441637,1,1
550,2462093096,2,2
551,533827375,3,2
552,278728497,1,1
553,30674752,1,1
554,30674756,2,2
555,321392454,1,2
556,544968548,2,2
557,248844141,1,1
558,544968574,2,2
559,106139523,1,1
560,482643845,2,3
561,544968583,1,1
562,2421919624,2,3
563,662474633,3,2
564,482643849,3,2
565,106139531,2,2
566,662474639,2,2
567,1550749584,2,1
568,662474647,2,3
569,256872344,1,1
570,106139547,2,1
571,17305510,1,2
572,232722366,2,2
573,662474692,2,2
574,21532629,1,1
575,21532630,1,1
576,177508323,2,2
577,177508324,2,1
578,267882467,1,2
579,272044016,1,1
580,267882484,2,1
581,267882487,1,2
582,1366986744,2,1
583,1366986751,2,1
584,1366986753,1,2
585,1366986756,2,2
586,1713967110,1,1
587,267882500,2,1
588,271421450,1,1
589,268341265,1,2
590,268341268,2,1
591,1366986773,1,1
592,1366986774,2,2
593,1366986775,2,2
594,2422149148,1,1
595,1713967134,1,1
596,8851497,1,1
597,69472343,2,2
598,2539327578,2,2
599,373526623,2,2
600,1440419952,1,2
601,25530491,2,1
602,90476722,2,2
603,90476727,2,1
604,90476733,1,2
605,2422313150,2,2
606,1694437593,1,2
607,1679823070,2,1
608,84775147,2,1
609,240783596,1,1
610,1694437613,2,2
611,331485440,1,2
612,177508619,1,2
613,148934925,2,1
614,25301268,2,2
615,309596437,2,2
616,25301269,1,1
617,703861020,2,2
618,148934942,2,2
619,21729570,1,1
620,148934948,1,1
621,30216493,1,1
622,703861042,1,1
623,316084534,1,1
624,703861054,2,2
625,1679823169,2,1
626,1061785924,2,2
627,21729614,2,2
628,3164279122,2,1
629,97620308,2,2
630,27365732,2,2
631,27365734,2,2
632,97620330,1,1
633,293441900,1,1
634,97620337,2,1
635,1281954197,1,1
636,430608791,1,1
637,68850072,1,1
638,363565466,1,1
639,301502877,1,1
640,68850082,1,1
641,260411813,1,1
642,1806766,1,1
643,75665850,1,2
644,374149567,1,1
645,2822593,1,1
646,2043187660,2,1
647,1641583092,2,1
648,8851960,1,2
649,316084728,2,1
650,472781315,3,2
651,6875943438,1,1
652,728338958,1,1
653,316084764,2,2
654,281350685,1,2
655,5638525503,1,1
656,1559106118,1,1
657,313397832,1,1
658,1559106139,1,1
659,808489572,3,2
660,198316650,1,2
661,281219705,1,1
662,298717817,2,2
663,298717819,2,1
664,298717821,1,2
665,3140915841,2,1
666,298717829,2,2
667,298717832,2,1
668,298717833,1,2
669,107745971,2,1
670,3053720250,2,1
671,269587131,3,2
672,207098558,1,1
673,3053720256,1,1
674,268341962,1,1
675,268341968,1,1
676,17208023,1,2
677,21140190,1,2
678,3033797344,2,2
679,271422187,1,1
680,30413580,1,2
681,1130763024,1,1
682,30413584,2,2
683,30413593,1,1
684,1708692253,2,2
685,301503262,1,1
686,936645416,1,1
687,1649447722,1,2
688,301503279,1,1
689,2587366200,1,2
690,270996283,2,1
691,1649447743,2,1
692,248484684,1,2
693,1708692320,2,1
694,1649447776,2,1
695,1559106411,1,1
696,1649447803,1,2
697,1649447805,2,1
698,4716893078,1,1
699,4716893096,1,1
700,365486,2,2
701,331486138,2,2
702,331486148,2,1
703,129962949,1,1
704,293442507,1,1
705,298488780,2,2
706,293442514,1,1
707,1595216861,1,2
708,294163426,2,2
709,294163431,2,2
710,294163434,2,2
711,294163435,1,1
712,371463149,3,2
713,221549574,1,2
714,885855241,2,2
715,1595216908,2,2
716,1595216913,1,1
717,1642927123,1,1
718,198251544,1,1
719,17306650,1,2
720,1966674975,1,1
721,1607570479,1,2
722,1607570480,1,2
723,885855280,2,2
724,2066027586,2,2
725,484709447,1,1
726,198251596,2,2
727,43586638,1,1
728,484709473,1,1
729,267883621,1,2
730,75666534,2,2
731,267883627,2,2
732,2599851142,1,1
733,267883680,1,1
734,17208482,2,2
735,270439586,2,2
736,675484839,1,1
737,3148944552,1,1
738,270439594,1,1
739,178984120,1,2
740,234691,1,2
741,369726661,2,1
742,667325638,1,1
743,667325639,1,1
744,267130082,1,1
745,2009011429,2,2
746,252646633,1,1
747,2009011438,1,1
748,267130099,2,3
749,267130103,2,2
750,2009011446,2,2
751,1163728134,1,1
752,293246223,1,1
753,8852765,2,1
754,177673506,3,3
755,8852775,1,1
756,2599851304,1,1
757,289215798,2,2
758,1644631372,2,2
759,1644631390,1,1
760,21763425,1,1
761,324900220,1,1
762,595330,2,2
763,595332,1,1
764,119510405,1,1
765,279319941,2,3
766,279319945,2,1
767,324900239,1,1
768,320542097,2,2
769,1687066002,1,2
770,595349,1,2
771,3298137505,1,1
772,871601582,3,3
773,289215923,1,1
774,475895219,1,1
775,88905136,1,1
776,249435583,2,2
777,267713,2,1
778,267718,1,2
779,249435592,2,2
780,267723,2,1
781,249435594,2,2
782,249435597,2,1
783,307828174,1,1
784,6033577423,1,1
785,475895247,1,2
786,249435602,1,2
787,475895254,2,2
788,267735,1,1
789,21370328,1,1
790,25531874,2,2
791,15832557,1,1
792,21370352,1,2
793,106370593,1,2
794,106370595,2,2
795,439227942,1,1
796,7057315367,1,1
797,270374439,1,2
798,1520932406,1,1
799,24548926,1,1
800,106370656,2,1
801,278206059,1,1
802,278206065,1,1
803,398976,1,2
804,2735773320,1,2
805,27334283,2,1
806,1221793420,2,2
807,398990,1,2
808,2735773328,1,1
809,398992,2,2
810,399017,1,1
811,399040,2,1
812,281351874,2,1
813,399044,2,2
814,399051,1,1
815,1839044303,2,2
816,399068,1,2
817,1839044317,2,2
818,254482149,1,1
819,27072233,1,2
820,27072234,2,1
821,27367151,1,2
822,1186928368,1,1
823,10786547,1,1
824,27072246,1,1
825,27072248,2,2
826,27072251,1,1
827,27072253,2,2
828,254482188,1,1
829,269326096,2,1
830,196417299,2,1
831,269326100,2,2
832,2342229786,1,1
833,516462365,1,1
834,271423263,1,1
835,256612127,2,1
836,2342229793,1,2
837,256612130,2,2
838,2342229800,2,1
839,196417320,2,2
840,20420418,1,1
841,20420427,2,2
842,20420429,2,1
843,1186928464,1,1
844,399187,3,3
845,399188,3,3
846,196417365,2,1
847,399197,2,2
848,15832933,1,2
849,1439045488,1,1
850,1439045492,1,1
851,399226,3,2
852,399232,1,1
853,82745221,1,2
854,24221575,1,2
855,21731216,2,2
856,355571614,1,2
857,1534039967,2,2
858,355571631,2,1
859,2112493513,1,2
860,2112493519,2,1
861,270800853,1,2
862,291182552,2,2
863,270800860,1,1
864,270800875,2,2
865,2362677235,2,2
866,10786804,1,2
867,2112493561,2,1
868,235513,1,1
869,2362677249,2,2
870,235522,1,1
871,178952201,2,1
872,270800917,1,1
873,2112493591,1,1
874,270800922,2,2
875,2164889641,2,2
876,1833539637,2,1
877,110434360,2,1
878,235576,2,1
879,2164889673,2,2
880,21731409,1,1
881,78551123,2,2
882,21731412,1,1
883,341743702,1,1
884,78551133,1,1
885,178985063,2,2
886,178985066,2,1
887,21043307,1,1
888,25335917,2,1
889,26450037,2,3
890,26450039,2,2
891,21731449,2,2
892,2112493691,2,1
893,310679680,1,2
894,310679689,2,1
895,300718235,2,1
896,25335965,1,2
897,10787004,2,1
898,331487424,2,2
899,178985180,1,2
900,27433192,1,1
901,114661622,2,2
902,25237768,1,2
903,25237781,1,1
904,177674541,2,2
905,180164910,2,1
906,177674543,2,1
907,292788538,1,1
908,17209660,1,1
909,17209661,1,1
910,251828545,1,1
911,17209672,1,2
912,270768460,1,1
913,325818711,2,2
914,1565104481,2,1
915,289216879,1,1
916,610572656,1,1
917,610572655,1,1
918,17209722,1,1
919,252156283,1,2
920,17209725,2,2
921,7027562878,2,1
922,17209731,2,1
923,399748,2,1
924,399763,1,1
925,2057673112,1,2
926,292788635,1,2
927,307501468,2,1
928,536680869,2,2
929,320969127,2,3
930,292788646,2,2
931,536680891,1,1
932,26155459,2,2
933,1090787780,2,2
934,27433416,1,2
935,235977,1,2
936,235979,1,2
937,235980,2,1
938,310155730,2,2
939,2057673182,2,1
940,297507302,1,2
941,297507305,2,2
942,301767159,2,1
943,21764600,1,1
944,21764605,1,2
945,10787329,1,2
946,21764611,2,1
947,10787337,2,1
948,180165140,2,2
949,10787352,1,2
950,343480860,1,1
951,343480862,2,2
952,343480868,2,2
953,319855140,2,3
954,319855142,2,3
955,319855147,1,1
956,1687394860,1,1
957,319855148,2,2
958,1370102318,1,1
959,10787377,2,2
960,319855156,2,2
961,236086,2,1
962,319855160,2,3
963,1687394882,1,1
964,236116,1,1
965,236131,2,1
966,2057673317,1,1
967,236142,1,2
968,236143,2,1
969,3326319219,1,1
970,3668613748,2,2
971,236161,1,1
972,236162,1,1
973,236167,1,1
974,236182,1,2
975,236185,2,1
976,236188,1,2
977,236189,2,1
978,236190,1,2
979,236192,1,1
980,236193,1,1
981,236195,1,1
982,236198,2,1
983,236208,1,2
984,236211,3,3
985,343481012,1,1
986,5905079,2,1
987,236229,2,3
988,236230,3,2
989,236231,2,2
990,236234,1,1
991,5905100,2,1
992,236238,1,1
993,236244,2,2
994,5905109,1,1
995,5905113,2,1
996,2487917276,1,1
997,248552158,1,1
998,248552162,2,2
999,248552164,2,1
1000,5905125,1,2
1001,248552166,1,2
1002,248552167,1,2
1003,5905129,1,2
1004,248552170,2,2
1005,1618156268,1,2
1006,248552174,1,1
1007,1618156278,1,2
1008,21961476,1,1
1009,21961479,2,1
1010,137994,1,1
1011,1085348625,2,2
1012,221518614,2,1
1013,1965398813,1,1
1014,1965398841,1,1
1015,374217530,1,1
1016,154868546,2,1
1017,374217538,1,2
1018,154868564,3,3
1019,38083413,1,1
1020,564059,1,2
1021,564060,2,1
1022,564062,2,1
1023,25074528,2,3
1024,180165473,1,2
1025,564068,1,1
1026,310680421,1,1
1027,310680422,1,2
1028,20421481,1,2
1029,20421482,2,2
1030,310680429,2,1
1031,20421487,2,2
1032,20421488,1,1
1033,20421497,2,1
1034,334732163,1,1
1035,4284980105,2,2
1036,138131,1,1
1037,138136,1,1
1038,564121,1,1
1039,24517533,2,2
1040,564127,1,1
1041,564129,1,1
1042,268573602,1,2
1043,69475235,2,2
1044,24517540,1,2
1045,564134,1,1
1046,564138,1,1
1047,564144,1,1
1048,24517556,2,1
1049,564148,1,1
1050,564156,1,1
1051,25074628,1,1
1052,564169,1,1
1053,2164104142,2,2
1054,564183,1,2
1055,25074650,2,2
1056,25369573,2,2
1057,25369574,2,1
1058,70917097,1,1
1059,138219,1,1
1060,2164104183,1,2
1061,56204304,2,2
1062,56204310,1,1
1063,20913177,2,2
1064,20913179,1,2
1065,3339394076,2,2
1066,281254943,1,1
1067,180395046,2,2
1068,2164104235,2,2
1069,638295114,1,1
1070,638295115,1,1
1071,281254993,2,3
1072,138371,1,1
1073,281353356,1,1
1074,264805517,2,2
1075,249502871,1,2
1076,94641311,2,2
1077,15735989,1,1
1078,25599162,1,1
1079,20913353,1,1
1080,594910438,1,1
1081,177675494,1,2
1082,21306614,1,1
1083,330734844,1,1
1084,247045377,1,1
1085,330734854,2,2
1086,330734858,2,3
1087,374217995,2,1
1088,27434254,2,2
1089,236823,2,1
1090,236827,1,1
1091,310156573,3,2
1092,27434271,1,1
1093,59972898,2,1
1094,236842,1,1
1095,270376234,1,1
1096,59972908,2,2
1097,138546,2,2
1098,138552,1,2
1099,138553,2,1
1100,138554,1,2
1101,177478972,2,1
1102,27434301,2,2
1103,138560,2,1
1104,138561,1,2
1105,138574,2,1
1106,138575,1,2
1107,138578,3,2
1108,319528276,1,1
1109,313400662,3,2
1110,319528278,1,1
1111,319528283,1,1
1112,281353564,1,1
1113,335977827,2,1
1114,59972967,2,1
1115,267820396,1,2
1116,25599346,1,1
1117,21732724,1,2
1118,138620,1,2
1119,105618815,1,2
1120,138627,1,1
1121,253271428,2,2
1122,268803461,1,2
1123,253271431,1,1
1124,21732743,2,1
1125,334667145,1,1
1126,105618828,2,2
1127,272801175,1,1
1128,374218135,1,1
1129,21437847,2,2
1130,21437851,2,2
1131,288103836,2,1
1132,21732797,2,1
1133,251829695,1,2
1134,251829696,2,1
1135,251829697,1,1
1136,251829706,1,1
1137,21732810,1,2
1138,2913115597,1,1
1139,2913115599,1,1
1140,251829717,1,1
1141,3671858647,1,1
1142,21306855,1,1
1143,21306856,1,1
1144,650026485,1,1
1145,21306872,1,2
1146,21732856,1,1
1147,650026493,1,1
1148,268344833,2,1
1149,443489838,2,1
1150,2146213432,2,1
1151,335978042,1,2
1152,273489469,2,2
1153,335978052,2,1
1154,36806213,1,2
1155,1550982726,1,2
1156,481238614,1,2
1157,31497826,2,1
1158,21306988,1,2
1159,335978112,2,1
1160,1448386177,2,2
1161,271687296,1,1
1162,367369867,2,2
1163,564881,1,1
1164,10788504,2,1
1165,1583881888,1,2
1166,1448386210,1,1
1167,10788517,2,1
1168,10788530,2,1
1169,597237437,2,3
1170,1582603971,1,1
1171,3316981454,1,2
1172,3291848437,1,1
1173,20946687,1,2
1174,20946688,2,1
1175,20946691,2,2
1176,177479428,1,2
1177,271425302,1,1
1178,20946725,1,2
1179,20946726,2,1
1180,20946749,1,2
1181,20946750,2,1
1182,20946751,2,1
1183,20946762,2,1
1184,20946763,1,2
1185,21307212,1,2
1186,1685004114,1,2
1187,20946772,1,1
1188,1504124758,2,2
1189,124329836,2,1
1190,124329840,1,2
1191,237437,1,2
1192,237440,2,2
1193,237445,2,3
1194,17211293,1,1
1195,2982682527,1,1
1196,237475,2,1
1197,245145513,1,2
1198,3316981676,2,1
1199,245145522,1,1
1200,245145528,1,2
1201,237501,1,2
1202,428908477,1,1
1203,428908478,1,1
1204,428908480,1,2
1205,428908479,2,1
1206,473604034,1,1
1207,237514,1,1
1208,588029903,2,2
1209,5604941776,1,1
1210,901586897,2,2
1211,3316981716,2,1
1212,237527,1,1
1213,237528,1,1
1214,473604058,2,2
1215,5604941790,1,1
1216,5604941794,1,1
1217,260972524,1,1
1218,237549,2,1
1219,269746172,1,1
1220,142745591,1,2
1221,3218710522,2,2
1222,3316621306,2,2
1223,447750138,2,1
1224,3218710529,2,2
1225,258973699,1,1
1226,447750149,1,2
1227,3316621319,2,2
1228,139273,1,1
1229,473604109,2,2
1230,260972561,1,1
1231,21438480,2,2
1232,17211413,3,2
1233,27467801,2,2
1234,27467802,2,1
1235,592519195,1,1
1236,21438486,2,2
1237,139299,1,2
1238,139300,2,1
1239,139302,2,2
1240,592519206,1,1
1241,139305,1,1
1242,247177258,2,2
1243,1468801070,2,3
1244,1099538478,1,2
1245,247177274,1,1
1246,5301313595,1,1
1247,17211455,2,2
1248,592519236,1,1
1249,592519245,1,1
1250,2039887,1,1
1251,2745180239,1,1
1252,270966868,2,1
1253,590815323,1,1
1254,2263294046,2,1
1255,1099538529,1,2
1256,942055532,2,2
1257,270966894,1,2
1258,2232164468,2,2
1259,139392,1,2
1260,2232164480,2,2
1261,139399,2,1
1262,139407,1,1
1263,17211535,2,1
1264,2989891730,2,2
1265,139417,1,2
1266,123412634,1,1
1267,2181046430,2,3
1268,21733535,3,2
1269,901587105,2,2
1270,21733544,1,1
1271,257728685,1,1
1272,1099538607,1,1
1273,2181046445,2,2
1274,303603889,1,2
1275,21733556,2,2
1276,177643706,2,1
1277,434396,1,2
1278,257728735,1,1
1279,434405,2,1
1280,30744807,1,1
1281,30744808,1,2
1282,30744809,2,1
1283,21307620,1,1
1284,434419,2,1
1285,3779207414,2,1
1286,139514,1,1
1287,3779207419,2,1
1288,434430,1,2
1289,434441,1,1
1290,434442,1,1
1291,5906699,1,2
1292,139533,1,2
1293,139534,2,1
1294,434447,2,1
1295,139542,1,2
1296,59220247,1,1
1297,434456,1,2
1298,139544,2,1
1299,139545,1,2
1300,5906718,2,1
1301,434477,1,2
1302,271393072,2,1
1303,139570,1,1
1304,5906736,2,1
1305,139573,1,1
1306,5906759,2,1
1307,5906761,1,2
1308,434527,1,1
1309,120103264,1,2
1310,120103273,1,2
1311,331096431,2,2
1312,177480052,2,1
1313,331096438,1,1
1314,303604087,2,1
1315,271393172,1,1
1316,434597,2,1
1317,2937201070,1,1
1318,434607,1,2
1319,330113465,1,1
1320,895295949,2,2
1321,20914673,1,2
1322,20914674,1,2
1323,26583544,1,1
1324,4596227,2,1
1325,258941445,1,2
1326,1570972171,1,1
1327,4596236,1,1
1328,517677584,1,1
1329,17211922,1,1
1330,69444117,2,1
1331,15933979,2,1
1332,268411422,2,2
1333,269591071,2,2
1334,374219300,1,1
1335,374219308,2,1
1336,2700419640,1,1
1337,2983043643,1,1
1338,31072833,3,2
1339,31072835,2,2
1340,190751330,1,1
1341,30745189,1,1
1342,21635690,1,2
1343,264053355,1,1
1344,30745198,2,1
1345,2002526846,2,2
1346,300589712,2,3
1347,2984223377,2,2
1348,15934120,1,1
1349,1668555435,2,1
1350,279225009,1,1
1351,2149262007,2,1
1352,374219451,2,2
1353,30745276,1,1
1354,268346065,1,1
1355,1423221462,1,2
1356,1423221465,1,2
1357,15934179,1,1
1358,1668555499,2,1
1359,1423221486,2,3
1360,21635825,1,2
1361,196420341,2,1
1362,1668555514,1,1
1363,1582801663,2,1
1364,1423221510,3,2
1365,196420359,2,2
1366,1423221521,3,2
1367,70427410,1,1
1368,330343191,1,1
1369,196420378,2,1
1370,1668555546,1,1
1371,1423221536,2,1
1372,599925545,1,2
1373,373990187,2,1
1374,18031404,1,1
1375,599925548,2,1
1376,1423221557,2,3
1377,1070572343,1,1
1378,30745401,1,2
1379,1423221569,2,1
1380,1582801738,1,2
1381,2484118350,1,1
1382,1423221588,1,2
1383,1423221593,1,2
1384,178955100,1,2
1385,178955105,1,2
1386,1423221608,2,1
1387,1423221612,2,1
1388,268575608,1,2
1389,6979593085,2,1
1390,18031489,1,1
1391,6979593089,2,1
1392,1423221638,1,2
1393,1423221645,1,2
1394,1423221646,3,2
1395,1423221663,2,1
1396,21636005,1,1
1397,247931814,1,2
1398,1423221687,2,1
1399,793617352,2,3
1400,793617354,2,2
1401,18031563,1,1
1402,3317605324,2,2
1403,1423221723,2,3
1404,3317605339,2,2
1405,18031581,1,1
1406,25633759,2,2
1407,1423221730,3,2
1408,533570532,1,1
1409,25633778,2,3
1410,25633781,2,2
1411,99034104,2,1
1412,25633789,2,2
1413,25633790,1,1
1414,1070572541,1,1
1415,1423221762,2,2
1416,25633794,1,1
1417,15934468,1,1
1418,270738451,1,1
1419,270738453,1,1
1420,366552086,1,1
1421,270738458,2,2
1422,15934496,1,1
1423,503129124,2,1
1424,2362778669,3,2
1425,503129140,1,2
1426,21275717,1,1
1427,2040913,1,1
1428,15934546,1,2
1429,38413400,1,1
1430,38413401,1,1
1431,38413402,1,1
1432,38413403,1,1
1433,21275743,1,2
1434,2040927,2,2
1435,2040929,1,2
1436,270443623,2,2
1437,2040940,1,1
1438,15934585,1,1
1439,2040956,1,2
1440,2040958,1,1
1441,1423221888,2,2
1442,2040960,1,1
1443,270443649,1,1
1444,2040964,1,1
1445,659793037,1,2
1446,1175495831,1,1
1447,268182703,1,1
1448,2041019,2,2
1449,2041023,1,1
1450,2041029,1,1
1451,1012278472,1,1
1452,265069771,1,1
1453,2041037,2,2
1454,2788500687,2,2
1455,203597008,1,2
1456,2788500700,1,1
1457,2138940637,2,2
1458,3767280862,2,1
1459,2788500709,1,1
1460,485205256,2,2
1461,97854729,1,2
1462,97854731,2,1
1463,6198797602,1,1
1464,30745898,1,1
1465,30745899,1,1
1466,30745904,2,1
1467,173712689,1,2
1468,30745906,1,2
1469,173712692,2,2
1470,1172415803,2,2
1471,2041172,1,1
1472,362554722,1,1
1473,2041194,2,1
1474,319071617,1,1
1475,24487303,1,1
1476,24487308,1,2
1477,492316070,3,2
1478,492316075,3,2
1479,298722733,2,1
1480,2041263,1,1
1481,52766128,1,1
1482,2372052404,1,1
1483,3777865157,1,1
1484,119481800,2,1
1485,303605198,1,2
1486,298722769,1,1
1487,703047140,1,1
1488,343320051,2,1
1489,178923007,2,1
1490,277653015,1,2
1491,277653016,1,1
1492,277653017,1,1
1493,277653018,1,2
1494,268576289,2,1
1495,3356501541,1,2
1496,277653032,2,1
1497,277653038,2,1
1498,1056515631,1,1
1499,277653048,1,1
1500,1703355964,2,1
1501,1703355967,1,1
1502,177579592,1,1
1503,52766292,1,1
1504,417211996,1,1
1505,492316262,3,3
1506,258352746,1,1
1507,2377524854,1,1
1508,21538425,3,2
1509,21538433,1,1
1510,290268806,2,3
1511,178955911,2,1
1512,178923149,1,2
1513,417212045,1,1
1514,255960734,1,2
1515,1406772895,1,2
1516,2096113315,1,1
1517,2071635628,1,1
1518,3316524717,2,2
1519,3316524718,2,2
1520,269395636,1,1
1521,269395641,1,1
1522,2041534,1,1
1523,2041535,2,2
1524,399091392,1,1
1525,251832019,1,2
1526,251832020,1,1
1527,251832033,2,1
1528,177579746,2,1
1529,1786816245,2,2
1530,175351543,1,1
1531,1786816250,2,2
1532,1786816252,2,1
1533,1786816253,1,2
1534,1786816258,1,1
1535,175351555,2,1
1536,1786816264,2,1
1537,268576523,1,1
1538,27502347,1,2
1539,91563789,2,3
1540,268576527,1,1
1541,91563794,3,2
1542,3314099989,1,1
1543,27240218,2,2
1544,27240219,1,1
1545,316253979,2,3
1546,374220576,1,2
1547,250554146,1,1
1548,250554151,1,1
1549,69478188,1,2
1550,21276465,1,1
1551,317302584,2,1
1552,1052190523,1,1
1553,343320410,2,2
1554,21276514,2,1
1555,21276535,1,2
1556,31172474,1,1
1557,258877307,2,1
1558,249243520,1,2
1559,59975553,2,1
1560,304686996,1,1
1561,316155797,2,3
1562,221521814,1,2
1563,322480031,3,3
1564,33499042,1,1
1565,322480039,1,1
1566,322480052,1,1
1567,669165503,2,1
1568,316254145,3,2
1569,374220741,1,1
1570,1124018120,2,2
1571,538355662,1,2
1572,538355678,2,1
1573,538355679,1,2
1574,538355680,1,2
1575,538355681,2,1
1576,18327531,1,2
1577,427567086,1,1
1578,18327534,2,2
1579,21637107,1,1
1580,363997199,2,1
1581,1562060821,2,2
1582,249309205,1,2
1583,21440533,1,2
1584,1562060825,1,1
1585,21375022,1,2
1586,21375024,2,1
1587,277424202,1,1
1588,316155989,2,2
1589,29075552,2,1
1590,316156011,3,2
1591,59975790,1,2
1592,942057585,1,1
1593,292333682,1,1
1594,59975793,2,1
1595,285419647,2,1
1596,1848551556,1,1
1597,349907078,1,2
1598,3605768337,1,1
1599,29730975,1,1
1600,349907111,2,1
1601,184068271,1,2
1602,331327683,1,1
1603,1607575751,1,1
1604,184068297,1,1
1605,33859805,2,2
1606,33859806,1,1
1607,331098336,2,2
1608,331098340,1,1
1609,26421484,3,2
1610,26421492,3,2
1611,436475,1,2
1612,436476,1,1
1613,2118854915,2,1
1614,59975945,2,1
1615,59975947,2,2
1616,305421,2,1
1617,1059694866,2,1
1618,1059694872,2,1
1619,256944416,1,2
1620,436516,2,1
1621,436517,2,1
1622,297740605,1,2
1623,2112366934,2,2
1624,256944473,2,2
1625,256944477,1,1
1626,17475949,2,1
1627,17475956,1,1
1628,17475968,1,2
1629,249309576,1,1
1630,256944522,1,1
1631,249309579,1,1
1632,197470600,2,2
1633,197470605,2,1
1634,331491726,2,1
1635,482781581,2,2
1636,436632,1,2
1637,96545177,1,2
1638,482781594,1,1
1639,1627466140,1,2
1640,30648734,2,2
1641,197470623,1,2
1642,96545190,1,2
1643,1419749802,2,3
1644,96545194,1,1
1645,436651,3,2
1646,436653,2,3
1647,96545200,2,2
1648,1419749809,3,2
1649,21735858,1,1
1650,197470644,2,2
1651,446048700,1,2
1652,470231485,1,2
1653,197470654,2,1
1654,1590077889,2,1
1655,197470661,1,2
1656,1952459209,3,2
1657,197470667,1,1
1658,1952459219,2,1
1659,2962926038,1,1
1660,21113306,2,2
1661,21309918,1,2
1662,97888736,2,2
1663,21113314,1,1
1664,97888741,1,1
1665,21309928,2,1
1666,17476073,1,1
1667,1394846201,1,1
1668,1355852285,2,2
1669,1394846213,1,1
1670,21047823,1,1
1671,96545304,2,2
1672,290531866,1,1
1673,96545319,2,1
1674,83667496,2,1
1675,251832877,2,1
1676,2066098734,2,2
1677,1394846267,1,2
1678,436795,2,3
1679,436811,2,2
1680,287648333,1,2
1681,287648335,2,2
1682,1776331344,1,2
1683,287648340,1,1
1684,4719094369,2,2
1685,3969395298,2,1
1686,21441127,1,1
1687,6221474408,2,2
1688,6221474413,2,2
1689,269396599,1,1
1690,1996892795,1,1
1691,2102209156,1,1
1692,1581230771,1,1
1693,29862593,2,1
1694,436934,1,2
1695,29862598,1,1
1696,436937,2,1
1697,269396685,1,1
1698,310389457,2,2
1699,272509653,1,1
1700,3252824791,1,1
1701,310389462,2,2
1702,1598270170,1,2
1703,1833511644,3,2
1704,1598270175,1,2
1705,1732782821,2,1
1706,69479153,1,1
1707,198028017,2,2
1708,267758323,1,2
1709,198028021,1,1
1710,267758327,2,1
1711,30419715,2,2
1712,30419717,1,1
1713,273158,2,1
1714,273165,1,1
1715,30911255,2,2
1716,21605146,2,2
1717,1158359842,3,2
1718,2159782691,2,1
1719,2042663,2,2
1720,1552821031,1,2
1721,277556006,2,2
1722,277556010,1,1
1723,240757546,2,1
1724,1908157228,2,1
1725,1158359853,3,2
1726,1365781297,2,2
1727,17181493,1,1
1728,240757558,2,1
1729,17181498,1,1
1730,255896383,1,1
1731,270805827,1,1
1732,17181510,2,2
1733,177515337,1,1
1734,1158359892,3,2
1735,364882784,2,1
1736,1116351336,2,2
1737,1158359913,2,3
1738,270805872,2,2
1739,2066033530,2,2
1740,282438544,1,1
1741,331492257,1,2
1742,206220195,1,1
1743,331557801,1,1
1744,160377771,2,1
1745,206220207,1,1
1746,249310141,1,2
1747,60730347,2,1
1748,75901933,1,1
1749,60730353,2,1
1750,160377841,1,2
1751,315042809,1,1
1752,15936518,1,2
1753,14658578,1,1
1754,14658580,1,2
1755,3345722387,2,2
1756,5909527,1,1
1757,5909531,1,1
1758,1666591773,1,1
1759,5909535,1,2
1760,1844620324,2,2
1761,15936548,1,1
1762,5909542,2,2
1763,1600138285,1,2
1764,5909552,2,2
1765,14658609,1,1
1766,5909555,1,1
1767,1666591796,1,1
1768,15936570,2,1
1769,14658619,1,1
1770,26291267,1,2
1771,26291273,2,2
1772,26291275,2,2
1773,16526425,2,2
1774,16526431,2,2
1775,16526441,1,1
1776,17476717,2,1
1777,280800369,1,1
1778,14658674,1,1
1779,269724796,1,2
1780,21179539,1,1
1781,21179540,1,1
1782,253897881,2,1
1783,203599020,2,1
1784,203599021,2,2
1785,773500077,3,2
1786,203599030,1,1
1787,27307219,1,1
1788,11840725,3,2
1789,11840727,2,2
1790,11840731,1,1
1791,2138549474,2,2
1792,15936746,1,2
1793,72789232,1,1
1794,363703540,1,1
1795,331099382,2,1
1796,1059826936,1,2
1797,177581306,1,2
1798,72789254,1,1
1799,25931017,2,2
1800,25931018,1,2
1801,25931026,1,1
1802,72789286,3,3
1803,30977319,1,1
1804,181316905,2,2
1805,72789295,2,2
1806,30977332,2,2
1807,30977334,2,1
1808,15936825,2,1
1809,71740741,1,1
1810,1491610953,2,2
1811,1029614925,1,1
1812,1029614926,1,1
1813,18033999,1,1
1814,18034001,1,1
1815,77901139,1,1
1816,324054363,1,2
1817,1572449628,1,1
1818,1572449630,1,1
1819,1059827045,1,1
1820,21179749,2,2
1821,21179758,2,2
1822,21179760,1,1
1823,17968500,1,1
1824,31927670,1,1
1825,363998586,2,1
1826,31927679,2,2
1827,363998596,1,1
1828,15936901,1,1
1829,299150736,1,1
1830,17214866,1,2
1831,299150741,1,1
1832,64695707,1,1
1833,64695711,2,2
1834,64695715,2,1
1835,29404591,1,1
1836,29404592,1,1
1837,71740852,2,2
1838,2071670205,2,1
1839,1029615040,1,1
1840,278408640,2,3
1841,29404614,1,1
1842,268348879,2,1
1843,2071670225,1,2
1844,358231516,1,1
1845,3866996190,1,1
1846,21605876,2,2
1847,17182205,2,1
1848,17182206,1,2
1849,17477121,1,1
1850,631811586,2,1
1851,631811587,2,1
1852,61681161,2,2
1853,281914899,2,1
1854,17477161,1,1
1855,267890218,2,2
1856,71740972,2,2
1857,301510190,1,1
1858,301510197,1,1
1859,2043479,3,3
1860,17477221,1,2
1861,2043498,1,2
1862,17477227,1,2
1863,315862636,1,2
1864,334278260,1,1
1865,394735233,2,2
1866,1029615236,1,1
1867,300985995,4,4
1868,394735248,2,2
1869,17477267,1,1
1870,17477268,2,1
1871,17477269,1,1
1872,153398933,1,2
1873,1029615259,1,1
1874,3153538715,2,1
1875,1631923869,1,1
1876,3153538725,1,2
1877,17477289,1,2
1878,277556912,2,3
1879,13446835,1,2
1880,13446839,2,1
1881,294137529,1,2
1882,7028551354,1,2
1883,294137536,1,2
1884,294137537,2,2
1885,153398981,2,2
1886,294137546,1,1
1887,21606095,1,2
1888,2273783510,2,2
1889,90484442,1,1
1890,356036315,2,2
1891,3901533939,1,1
1892,5615355,2,2
1893,2942676739,1,1
1894,5615364,1,1
1895,1963273989,1,1
1896,21507853,2,2
1897,21507855,1,1
1898,6053244697,3,2
1899,17182515,1,1
1900,1911795509,2,1
1901,331099957,1,2
1902,1695887160,2,3
1903,475311943,1,1
1904,160378730,2,1
1905,30912375,2,2
1906,30912377,2,1
1907,30912383,1,1
1908,745549707,2,1
1909,514731916,1,1
1910,17182604,2,2
1911,514731923,1,1
1912,21737373,2,2
1913,21737375,1,1
1914,602020,1,2
1915,160378792,1,2
1916,1544695730,1,1
1917,33206204,2,2
1918,292335549,1,2
1919,292335551,2,1
1920,296103875,1,1
1921,320516039,2,1
1922,251834327,2,1
1923,16003047,2,2
1924,16003058,3,3
1925,104738806,2,1
1926,16003068,1,1
1927,5910526,2,1
1928,1578708995,2,2
1929,2103848968,2,2
1930,2103848969,1,1
1931,1578709003,1,1
1932,5910542,2,1
1933,2103848975,1,1
1934,4446531606,1,1
1935,413413405,1,2
1936,5910558,1,2
1937,285126693,1,2
1938,4446531623,1,1
1939,348401707,1,1
1940,292335661,3,2
1941,38482023,1,2
1942,38482028,2,1
1943,649539696,2,2
1944,849522807,1,1
1945,243511426,1,2
1946,105263240,2,1
1947,514830476,1,2
1948,324382868,1,1
1949,270381204,1,2
1950,270381205,2,2
1951,2122756244,2,3
1952,1613672600,1,1
1953,16003251,1,2
1954,16003253,2,1
1955,105263285,2,1
1956,33042616,1,1
1957,3785928899,1,1
1958,61681877,1,1
1959,61681879,1,2
1960,1569599713,1,2
1961,4110364900,2,1
1962,1569599720,2,1
1963,4110364907,2,2
1964,2628202736,1,2
1965,21606642,1,1
1966,715075832,2,2
1967,4110364920,1,2
1968,196423928,2,1
1969,1386230054,1,1
1970,196423976,1,1
1971,196423996,1,1
1972,1043345736,2,1
1973,940224847,1,1
1974,265597268,1,1
1975,265597274,1,1
1976,13447530,1,2
1977,994587001,2,2
1978,300593530,1,1
1979,300593533,1,1
1980,300593534,1,1
1981,994587030,2,2
1982,1939321243,2,2
1983,36483498,2,2
1984,190165429,2,3
1985,21606839,1,1
1986,321040827,1,1
1987,36483516,2,1
1988,29405633,1,1
1989,321040839,1,1
1990,17215949,1,2
1991,2375856595,2,2
1992,181318133,1,1
1993,472822263,1,2
1994,3260330487,2,2
1995,285422077,1,2
1996,90485248,2,2
1997,4047286785,2,2
1998,312160775,1,1
1999,253899292,1,1
2000,2109982,1,2
2001,3260330525,2,2
2002,3260330529,1,1
2003,3260330530,1,1
2004,177517087,2,2
2005,177517092,1,2
2006,181318181,1,1
2007,3260330534,2,2
2008,3260330535,2,2
2009,1043345960,1,1
2010,472822313,1,2
2011,53752364,2,2
2012,1585033775,2,1
2013,3605639727,1,1
2014,26194483,1,2
2015,26194484,1,2
2016,2110005,1,1
2017,253080117,1,1
2018,53752380,1,1
2019,253080127,1,1
2020,2110021,1,1
2021,2942677573,1,1
2022,298988106,2,3
2023,2110031,2,1
2024,298988144,3,2
2025,1218818675,1,1
2026,298988147,2,2
2027,296104573,1,1
2028,4033491584,1,1
2029,331788946,1,1
2030,2110101,2,1
2031,33960610,1,1
2032,84325055,2,1
2033,3262264007,1,1
2034,1578742478,1,2
2035,207041233,1,1
2036,494973652,1,2
2037,1646703320,2,2
2038,267760355,2,2
2039,2942677731,1,1
2040,3262264041,2,2
2041,267760362,2,1
2042,134525674,1,1
2043,494973676,2,1
2044,294105841,4,2
2045,134525681,2,1
2046,257078005,1,1
2047,251835136,1,1
2048,257078017,1,1
2049,494973701,2,1
2050,494973705,1,1
2051,29209356,1,1
2052,33960718,2,1
2053,2110224,2,1
2054,1646703377,2,1
2055,29209361,1,1
2056,3387962130,1,1
2057,25703196,2,2
2058,25703203,2,2
2059,267760425,2,2
2060,267760431,1,2
2061,2055615280,2,1
2062,1646703409,2,1
2063,1192833850,1,2
2064,2117972797,1,1
2065,25703232,2,3
2066,471882,2,2
2067,270447434,1,1
2068,471885,1,2
2069,1646703438,1,1
2070,1646703439,2,2
2071,267760463,2,1
2072,1646703442,2,2
2073,26424143,1,1
2074,471892,2,1
2075,494973781,1,1
2076,471905,2,1
2077,5294109547,2,2
2078,250098542,1,2
2079,294105965,2,2
2080,294105967,1,1
2081,190165876,2,1
2082,280802170,1,1
2083,4945589121,2,2
2084,68727684,1,1
2085,321663876,2,2
2086,321663883,2,1
2087,16003986,1,1
2088,471965,1,2
2089,1815360423,2,1
2090,2057450419,1,2
2091,84521921,2,2
2092,315569092,1,2
2093,27309008,1,1
2094,27309009,1,1
2095,472036,1,1
2096,304690148,2,1
2097,17282022,1,2
2098,17282024,2,1
2099,21607408,1,1
2100,472051,1,1
2101,60011507,1,1
2102,60011508,1,1
2103,1117172729,3,2
2104,443331577,2,2
2105,1128575995,2,1
2106,17282062,2,1
2107,17282066,1,2
2108,60011541,1,1
2109,60011542,1,1
2110,17282071,1,1
2111,17282081,1,1
2112,1591325734,1,1
2113,25736247,1,1
2114,338637890,2,3
2115,21509198,1,1
2116,2101785679,2,1
2117,7236793425,1,1
2118,1374467157,2,1
2119,472164,1,1
2120,2065642596,2,2
2121,60404838,1,1
2122,472169,1,1
2123,2101785706,1,2
2124,34550892,1,1
2125,472175,1,1
2126,1433220215,2,2
2127,1809626233,1,1
2128,258487424,1,1
2129,258487426,1,1
2130,21771399,1,1
2131,4377883792,1,2
2132,3366237329,1,1
2133,1423750290,2,2
2134,2057450642,2,1
2135,1423750296,2,2
2136,2785457311,2,2
2137,1405236389,2,1
2138,21771433,1,2
2139,26752171,1,1
2140,1405236400,1,2
2141,1405236402,1,1
2142,180139194,1,1
2143,180139196,1,1
2144,16004291,2,1
2145,1405236420,2,1
2146,1405236423,1,2
2147,2150413516,2,2
2148,30422225,2,2
2149,660616426,2,2
2150,71218420,1,1
2151,16004361,1,2
2152,286471448,1,1
2153,255374620,2,1
2154,30913829,1,2
2155,30913830,1,1
2156,71218472,2,2
2157,30913834,2,2
2158,16004396,1,1
2159,926168365,2,2
2160,1529165103,2,2
2161,286471476,1,1
2162,293483832,2,2
2163,1529165116,2,1
2164,264451391,1,1
2165,16004416,1,1
2166,2150413633,2,2
2167,2169288009,2,2
2168,16004428,1,2
2169,1058813268,2,1
2170,633681241,2,1
2171,17970523,1,2
2172,2411345245,2,2
2173,926168419,2,1
2174,2411345255,2,1
2175,17970535,2,1
2176,1334097260,1,1
2177,1113437559,1,1
2178,30782841,2,1
2179,177583483,1,2
2180,297219457,2,1
2181,297219458,1,2
2182,926168452,2,2
2183,926168454,2,2
2184,338638218,2,2
2185,926168464,2,2
2186,292435349,2,1
2187,2411345303,2,1
2188,926168476,2,2
2189,1058813342,1,1
2190,926168485,1,2
2191,264451505,1,1
2192,180139444,2,2
2193,338638260,3,2
2194,249214405,1,2
2195,269792711,1,1
2196,1334097366,1,1
2197,249214426,2,1
2198,249214428,2,1
2199,16004574,1,1
2200,16004576,1,1
2201,373962231,1,2
2202,26392057,2,2
2203,270185981,1,1
2204,270185987,2,2
2205,177583623,2,1
2206,270185992,2,3
2207,207500809,1,2
2208,270185997,3,2
2209,270185998,2,3
2210,270186005,2,2
2211,373962272,2,2
2212,588461601,2,1
2213,588461606,1,2
2214,588461634,2,1
2215,26392136,2,2
2216,588461640,1,2
2217,17970763,2,2
2218,249214545,1,2
2219,588461651,2,3
2220,588461653,3,2
2221,26392150,3,2
2222,26392151,1,1
2223,373962353,1,1
2224,60667523,1,1
2225,369669765,1,1
2226,1191327376,1,2
2227,197441186,2,2
2228,1373877926,1,2
2229,1191327440,2,1
2230,33502955,2,1
2231,33502977,1,1
2232,33502978,1,1
2233,83670794,1,2
2234,364885777,2,2
2235,1269577497,1,1
2236,33503004,1,1
2237,5320587047,2,1
2238,100284204,1,2
2239,100284219,2,1
2240,17282883,1,2
2241,17282892,2,1
2242,33503065,1,1
2243,250558315,2,1
2244,250558316,1,1
2245,549107588,2,2
2246,33208203,2,2
2247,319731595,3,2
2248,33208219,2,1
2249,301217692,3,3
2250,268842912,1,1
2251,1970780067,1,1
2252,268842915,1,1
2253,297514936,1,1
2254,25966534,1,2
2255,549107657,2,1
2256,227489750,2,1
2257,180139997,1,2
2258,227489758,1,2
2259,158152685,1,1
2260,622311414,1,2
2261,5505693709,1,1
2262,2906208276,1,1
2263,2906208278,2,1
2264,1970780183,1,1
2265,665106460,2,1
2266,1716860958,1,2
2267,356431939,1,1
2268,306559045,1,1
2269,158152780,3,3
2270,13678672,1,2
2271,178927703,2,2
2272,5322913879,1,1
2273,249215079,1,2
2274,355580009,1,2
2275,21608554,2,2
2276,355580012,2,2
2277,1396684920,2,3
2278,2020653184,2,2
2279,196393112,1,2
2280,196393128,2,2
2281,21608620,1,1
2282,1323514050,1,1
2283,331102412,2,2
2284,331102419,1,1
2285,652785887,1,1
2286,652785891,1,1
2287,38451430,1,1
2288,31013101,2,2
2289,196393205,2,1
2290,440566,1,1
2291,275757304,2,1
2292,31013119,1,1
2293,306002177,3,2
2294,1389246730,3,2
2295,1389246737,2,2
2296,1389246739,1,1
2297,1389246740,2,3
2298,93665558,2,2
2299,1389246752,2,2
2300,1389246756,2,3
2301,1389246765,1,1
2302,1389246769,3,2
2303,93665597,1,1
2304,197507391,1,2
2305,197507396,2,2
2306,266385753,2,1
2307,197507424,2,1
2308,20461931,1,1
2309,670054770,1,1
2310,670054773,1,1
2311,256915832,1,1
2312,307444099,1,1
2313,307444104,1,1
2314,27605387,1,1
2315,180140429,2,2
2316,258357660,2,2
2317,28293564,1,2
2318,26851780,1,1
2319,6100695492,3,2
2320,82557385,1,2
2321,188529099,2,2
2322,188529104,2,2
2323,188529107,1,2
2324,249313753,1,2
2325,61323737,1,1
2326,26851803,1,1
2327,3164256732,1,2
2328,24656361,1,1
2329,267762180,1,2
2330,1746188836,2,3
2331,267762229,2,1
2332,305478200,1,2
2333,356432467,1,1
2334,17971802,2,2
2335,278411880,2,2
2336,386644625,1,1
2337,1313225368,2,1
2338,1313225381,2,1
2339,268352171,1,1
2340,2360523440,2,1
2341,20921014,1,2
2342,2205792962,1,1
2343,20921035,2,1
2344,20921036,2,2
2345,306002666,2,1
2346,3229563629,2,1
2347,21543674,1,2
2348,21543675,2,1
2349,89176842,1,1
2350,89176851,1,1
2351,2205793043,1,1
2352,2205793046,1,1
2353,2205793054,2,2
2354,766950179,1,2
2355,375609,1,2
2356,375625,2,1
2357,25279309,1,1
2358,375630,1,2
2359,84392784,1,2
2360,1828305746,1,2
2361,21609300,2,1
2362,375641,2,1
2363,26196830,1,1
2364,26196838,1,1
2365,26196846,2,1
2366,25639798,1,2
2367,375676,1,2
2368,1835481987,2,1
2369,25639813,2,2
2370,21543816,1,1
2371,33504143,1,1
2372,33504144,1,1
2373,21543826,1,2
2374,1547353004,2,2
2375,375729,1,1
2376,375734,1,2
2377,715144118,2,1
2378,5913529,1,2
2379,5913535,1,2
2380,317242305,1,1
2381,715144137,2,2
2382,375764,1,2
2383,375772,2,1
2384,375781,2,1
2385,731954151,1,1
2386,97008623,1,1
2387,375809,1,2
2388,265698316,1,1
2389,265698320,1,1
2390,13876243,1,1
2391,265698324,2,1
2392,265698322,2,2
2393,265698326,1,2
2394,128367641,2,2
2395,375834,1,2
2396,265698330,2,2
2397,265698332,2,1
2398,265698334,1,2
2399,375839,1,2
2400,375841,2,1
2401,160447522,1,2
2402,375845,2,1
2403,375852,1,1
2404,160447532,1,1
2405,33242164,2,2
2406,319732819,2,2
2407,61291606,2,2
2408,21740632,1,1
2409,45366376,1,1
2410,61291625,1,1
2411,598686866,1,1
2412,598686867,1,1
2413,660847767,1,1
2414,2167225504,2,2
2415,320715937,1,2
2416,598686883,1,1
2417,598686884,1,1
2418,2167225508,2,2
2419,146607,1,2
2420,146622,1,1
2421,1657650371,1,1
2422,34520264,1,2
2423,36814048,1,2
2424,1558232299,1,2
2425,1558232329,1,2
2426,1558232337,2,1
2427,1558232338,1,2
2428,146710,1,1
2429,268582171,1,1
2430,146717,1,1
2431,1558232351,2,1
2432,146729,1,2
2433,1558232370,1,2
2434,146739,2,1
2435,1780759860,1,1
2436,319143219,2,1
2437,319143222,1,1
2438,1780759864,2,1
2439,1780759866,1,2
2440,146754,1,2
2441,1572453703,1,2
2442,1558232392,1,2
2443,1780759882,1,1
2444,1197718859,1,1
2445,1558232401,2,1
2446,1558232404,1,2
2447,2487926101,1,1
2448,146773,2,1
2449,146774,1,2
2450,2095136091,2,3
2451,475874265,2,2
2452,319307106,3,2
2453,1576877411,1,1
2454,1576877415,1,1
2455,2487926121,1,1
2456,272416106,2,2
2457,4620336490,2,1
2458,272416109,1,1
2459,2095136114,3,2
2460,272416114,2,2
2461,30358916,2,1
2462,331103632,1,2
2463,331103634,2,1
2464,146855,2,1
2465,16530858,2,1
2466,16530860,1,1
2467,31997357,1,2
2468,21609906,2,2
2469,146870,2,1
2470,21511617,1,2
2471,146886,1,2
2472,1785290,1,1
2473,1785296,2,2
2474,267697621,1,2
2475,21511666,2,1
2476,31997424,2,1
2477,146933,1,1
2478,31997430,1,1
2479,278412808,1,1
2480,564641294,1,2
2481,1665056273,1,1
2482,540178,2,2
2483,540177,1,1
2484,89112084,1,2
2485,540181,2,1
2486,15089172,2,1
2487,540185,1,1
2488,540187,2,1
2489,1785375,3,2
2490,319143456,1,1
2491,3979492897,2,1
2492,319143455,1,1
2493,540203,1,2
2494,314752564,1,1
2495,1396522568,2,3
2496,147018,1,1
2497,399064652,2,1
2498,1396522577,3,2
2499,147025,2,1
2500,1396522581,2,2
2501,540249,1,1
2502,340016741,2,2
2503,1785452,1,1
2504,254000748,2,1
2505,254000752,2,1
2506,1785464,1,1
2507,1785478,2,2
2508,147086,1,2
2509,1038270097,1,1
2510,266387098,2,1
2511,63127196,2,1
2512,147103,2,2
2513,147104,1,1
2514,266387109,1,2
2515,21741222,1,1
2516,3033808556,2,2
2517,2062827183,2,2
2518,21741233,1,2
2519,293682866,1,2
2520,253902537,2,1
2521,253902539,2,1
2522,253902548,2,1
2523,253902549,1,2
2524,147159,2,1
2525,291618518,1,1
2526,147162,1,2
2527,1734196965,1,1
2528,60636909,1,1
2529,113884911,2,2
2530,253902582,2,1
2531,253902584,1,2
2532,29998852,2,2
2533,331104004,2,2
2534,2389819143,1,1
2535,29998856,1,2
2536,287620873,1,1
2537,2093235979,2,3
2538,25706254,1,2
2539,25706256,2,2
2540,253902610,2,1
2541,25706260,1,1
2542,253902615,1,2
2543,253902616,1,2
2544,287620897,2,1
2545,253902626,2,1
2546,306003747,2,1
2547,253902628,1,2
2548,21610275,1,2
2549,21610286,2,1
2550,1559412526,2,1
2551,90488625,1,1
2552,274513721,3,3
2553,596229949,1,1
2554,1559412548,1,1
2555,1354874693,2,2
2556,256950092,1,1
2557,762265429,1,1
2558,252788578,2,1
2559,2592685923,1,2
2560,1354874725,1,1
2561,301449081,2,1
2562,3911073658,1,1
2563,3317219193,1,1
2564,3227434880,1,1
2565,320880523,2,2
2566,320880524,2,1
2567,20856717,1,1
2568,1559412625,1,1
2569,453918623,2,1
2570,539934623,2,2
2571,329105313,1,2
2572,329105322,1,2
2573,7421878,2,1
2574,1197719483,1,1
2575,21610433,2,1
2576,1197719490,1,1
2577,16007112,1,2
2578,29999064,1,1
2579,21610462,1,1
2580,253575136,2,2
2581,248627200,1,1
2582,266518531,1,1
2583,248627206,1,1
2584,248627211,1,1
2585,331792396,2,1
2586,263438351,2,1
2587,253575187,2,2
2588,427507735,1,1
2589,21643289,2,2
2590,253575201,2,1
2591,413581349,2,1
2592,285130795,1,2
2593,2240266298,2,2
2594,6979567676,1,2
2595,322551870,1,1
2596,3306438720,1,1
2597,266518591,1,1
2598,1561837635,1,2
2599,322551877,1,1
2600,253575236,2,2
2601,37142600,1,1
2602,253575233,1,1
2603,267763785,2,2
2604,359415877,1,1
2605,180142163,2,2
2606,180142164,2,2
2607,21610585,2,1
2608,323403867,1,1
2609,253575264,2,2
2610,263438435,1,1
2611,245153899,1,1
2612,323403886,2,2
2613,323403893,4,2
2614,323403906,1,1
2615,21119107,1,1
2616,245153924,2,1
2617,322748554,1,1
2618,323403921,2,2
2619,732250265,1,1
2620,267763876,1,1
2621,177684644,1,2
2622,361218216,1,1
2623,361218227,1,1
2624,361218228,1,1
2625,361218231,1,1
2626,361218249,1,1
2627,361218260,1,1
2628,2046181588,1,1
2629,361218262,1,1
2630,263438554,1,2
2631,361218271,1,1
2632,732250347,1,1
2633,1494073583,2,2
2634,427507958,1,1
2635,21676283,2,1
2636,297222409,1,2
2637,21676301,1,2
2638,30753037,1,1
2639,297222417,2,1
2640,25149729,2,1
2641,33505575,1,1
2642,1116160296,1,1
2643,683819305,1,1
2644,683819306,1,1
2645,33505576,1,1
2646,540968,2,1
2647,540971,1,1
2648,213565742,1,1
2649,540982,1,2
2650,2628206909,1,2
2651,38420802,1,1
2652,38420805,2,1
2653,21774671,2,2
2654,307609943,1,1
2655,343458140,1,2
2656,1116160358,1,1
2657,293519727,1,1
2658,670679427,2,2
2659,27410833,1,2
2660,27410838,1,2
2661,32620954,1,1
2662,32620955,2,2
2663,198328735,1,1
2664,150684066,1,1
2665,301744553,1,1
2666,358891968,1,2
2667,333267399,2,1
2668,21610956,1,1
2669,318554574,2,1
2670,90751465,3,2
2671,358892017,2,2
2672,2204320243,2,2
2673,256918017,2,1
2674,256918018,1,2
2675,254984708,1,2
2676,442483206,1,1
2677,1623802377,1,2
2678,256918025,2,2
2679,253706782,1,1
2680,8700456,1,1
2681,8700462,1,1
2682,16007729,2,1
2683,1116160578,1,1
2684,287851074,2,1
2685,267764295,1,2
2686,287851080,1,1
2687,287851082,4,4
2688,180142667,2,1
2689,287851083,1,1
2690,377430,1,1
2691,377431,1,1
2692,765280857,1,1
2693,377434,1,1
2694,267764314,1,1
2695,287457885,1,2
2696,280183416,1,2
2697,247087750,1,2
2698,2927444616,1,2
2699,2927444617,2,1
2700,2927444618,1,2
2701,2927444620,2,1
2702,246420,1,1
2703,247087763,1,2
2704,331104931,2,1
2705,227426998,1,2
2706,2579448523,1,2
2707,264127185,2,1
2708,410206930,1,1
2709,410206938,1,1
2710,295781120,2,2
2711,287458053,1,2
2712,253739782,1,1
2713,287458054,2,1
2714,295781130,2,2
2715,88294156,2,2
2716,295781137,2,2
2717,13878038,2,1
2718,13878040,1,1
2719,295781158,2,2
2720,13878062,1,2
2721,13878069,2,3
2722,13878070,3,2
2723,13878071,2,2
2724,1116160825,1,1
2725,13878074,1,1
2726,13878076,2,2
2727,285131580,2,2
2728,330548045,1,1
2729,5506286414,2,1
2730,5506286415,1,2
2731,287458152,2,2
2732,3654506,2,1
2733,13878127,2,1
2734,13878129,2,2
2735,2163557240,2,2
2736,251478906,2,1
2737,377725,2,2
2738,377727,2,3
2739,251478919,1,2
2740,66405259,1,1
2741,251478924,2,2
2742,377752,2,3
2743,377753,3,2
2744,377773,3,2
2745,377774,2,2
2746,5915568,1,1
2747,34554799,1,2
2748,34554798,1,2
2749,315868085,1,1
2750,322749362,1,1
2751,34554807,2,1
2752,315868089,1,1
2753,28099515,2,2
2754,1573667774,1,2
2755,253739967,1,1
2756,1573667775,1,2
2757,253739968,1,1
2758,265274307,1,2
2759,1573667791,1,1
2760,2020721619,1,1
2761,322749402,1,1
2762,475874266,2,2
2763,265274333,2,1
2764,320619486,1,1
2765,2020721631,2,2
2766,320619490,1,1
2767,475874278,1,1
2768,366560242,1,1
2769,270812148,1,2
2770,377845,2,2
2771,475874293,2,1
2772,2130363383,1,1
2773,366560252,1,1
2774,546292735,2,1
2775,268813314,2,3
2776,31376386,2,1
2777,475874312,1,1
2778,232768520,1,2
2779,475874317,1,2
2780,475874323,1,2
2781,475874328,2,1
2782,546292774,2,1
2783,21611568,1,1
2784,546292787,1,2
2785,177652795,1,1
2786,320619589,1,1
2787,320619592,1,1
2788,546292822,1,1
2789,546292840,1,1
2790,1829127280,2,2
2791,1829127288,2,1
2792,1762542725,2,2
2793,1951351944,2,2
2794,305972375,2,3
2795,61097114,1,2
2796,1829127324,1,1
2797,285131940,2,1
2798,1829127342,1,2
2799,1951351987,2,2
2800,61097146,1,2
2801,36750524,1,1
2802,270714050,2,3
2803,270714051,2,2
2804,270714054,2,1
2805,270714056,2,2
2806,954582224,1,1
2807,61097168,2,1
2808,287622363,1,1
2809,1951352034,2,2
2810,305972451,3,2
2811,285132005,1,2
2812,2670085360,2,2
2813,302499070,1,1
2814,302499077,2,1
2815,205440279,1,1
2816,205440292,2,2
2817,61097271,1,2
2818,21611850,2,1
2819,430425423,1,1
2820,430425427,1,1
2821,430425434,1,1
2822,99173731,1,1
2823,16008551,2,1
2824,16008559,2,2
2825,99173751,2,1
2826,6793905528,2,1
2827,99173756,1,2
2828,4834693,1,1
2829,305972617,2,3
2830,25478540,1,1
2831,25478545,2,2
2832,16008596,2,3
2833,99173792,2,1
2834,43140519,2,2
2835,34096551,2,2
2836,34096553,2,2
2837,2415379884,3,2
2838,245417391,2,2
2839,85640624,1,1
2840,4834735,1,1
2841,2835891,1,1
2842,2415379892,2,3
2843,2835893,1,1
2844,245417400,1,2
2845,3209283005,1,1
2846,91801021,1,1
2847,3209283015,2,2
2848,16008648,3,2
2849,245417421,2,2
2850,245417423,2,2
2851,245417433,2,1
2852,16008665,1,1
2853,83379676,1,2
2854,85640668,2,2
2855,91801063,1,1
2856,91801082,2,1
2857,331499008,1,1
2858,2488190469,2,1
2859,16008717,2,2
2860,2835987,1,2
2861,70862356,1,1
2862,319276575,2,3
2863,2576107046,1,1
2864,3164259890,2,1
2865,3164259891,2,1
2866,70862387,1,1
2867,344999516,2,1
2868,244958822,1,1
2869,2355807848,2,2
2870,244958826,2,2
2871,2836075,1,1
2872,70403695,1,1
2873,70403700,1,1
2874,244958838,2,2
2875,2355807862,2,2
2876,2576107126,1,1
2877,296011390,2,3
2878,244958849,2,1
2879,244958850,1,2
2880,177653379,1,1
2881,1605027477,1,2
2882,305972895,2,2
2883,305972912,2,2
2884,2313406148,2,3
2885,2836167,1,1
2886,1955546827,1,1
2887,349914832,1,2
2888,2070791889,2,2
2889,2836179,1,2
2890,2836180,1,2
2891,320489173,1,1
2892,21612250,2,2
2893,2313406200,2,2
2894,34031371,3,2
2895,2313406222,1,1
2896,34031382,1,1
2897,2313406234,1,1
2898,245417754,1,1
2899,34031389,3,2
2900,245417759,2,2
2901,34031391,2,3
2902,34031396,2,2
2903,310200100,1,2
2904,367970104,1,1
2905,173721418,2,1
2906,16533339,1,1
2907,1378928479,1,1
2908,245417856,1,1
2909,245417860,2,2
2910,149014416,1,1
2911,17876886,1,1
2912,21317549,2,2
2913,21317552,1,1
2914,1642907571,1,2
2915,370591668,2,2
2916,1832175554,1,1
2917,1642907621,1,1
2918,1642907630,1,1
2919,285132788,2,3
2920,622315513,2,1
2921,366528505,1,1
2922,285132803,3,2
2923,21317643,1,1
2924,25479180,1,2
2925,25479182,2,2
2926,1581762590,1,1
2927,1581762606,1,1
2928,1581762617,2,1
2929,16533561,2,1
2930,177489991,1,2
2931,1581762638,1,2
2932,243451992,1,1
2933,1581762656,2,1
2934,321472617,2,2
2935,321472620,2,1
2936,1581762671,1,1
2937,26855541,1,1
2938,60639357,1,2
2939,25708696,1,1
2940,124438685,1,1
2941,268585122,1,1
2942,1826932901,2,1
2943,81479847,1,2
2944,81479849,2,1
2945,68864181,2,2
2946,68864205,3,2
2947,253905104,2,2
2948,21612752,1,2
2949,253905108,1,2
2950,68864216,2,3
2951,68864222,2,2
2952,21350655,1,2
2953,224348417,1,1
2954,21350669,1,2
2955,60737818,2,1
2956,1099778352,1,1
2957,298174791,2,2
2958,266389829,1,2
2959,331499854,1,1
2960,279890261,2,1
2961,367642965,2,2
2962,324520288,1,1
2963,289229162,2,2
2964,321603960,1,2
2965,268355978,1,1
2966,298174857,2,2
2967,124438929,1,1
2968,285133205,2,1
2969,321603992,2,2
2970,279890340,2,2
2971,321604014,2,1
2972,321604015,1,2
2973,321604031,1,1
2974,177490371,2,1
2975,298174939,3,2
2976,203901411,2,2
2977,474368495,1,2
2978,2273102323,2,3
2979,258198010,1,1
2980,4443392509,2,2
2981,4443392512,2,2
2982,258198026,1,1
2983,270551580,2,2
2984,178866727,2,1
2985,314952232,2,1
2986,320621102,1,2
2987,167037491,1,2
2988,167037502,2,2
2989,321604163,1,1
2990,5462444624,2,3
2991,16534097,2,1
2992,266619474,2,3
2993,16534108,2,1
2994,72796774,2,2
2995,33999481,2,2
2996,60639866,2,1
2997,113920637,2,2
2998,33999489,2,2
2999,33999491,2,1
3000,203901575,2,2
3001,320621210,2,2
3002,320621211,1,2
3003,254003869,2,1
3004,254003870,1,2
3005,1485261483,1,2
3006,1485261485,1,1
3007,1596672688,2,2
3008,1485261489,1,1
3009,1596672692,1,1
3010,20925124,1,1
3011,20925125,1,1
3012,20925129,1,1
3013,20925130,1,1
3014,20925131,1,1
3015,5506288332,1,2
3016,267897551,1,2
3017,267897553,2,2
3018,267897555,2,2
3019,267897559,2,1
3020,932039394,2,2
3021,1596672738,2,1
3022,15223530,1,1
3023,344902381,1,2
3024,15223536,2,1
3025,151145204,1,1
3026,253971222,1,1
3027,2138589995,2,2
3028,7424819,1,2
3029,7424820,2,1
3030,2701445952,2,2
3031,2138590032,2,2
3032,17419092,1,1
3033,17419093,2,2
3034,1872251738,1,1
3035,17419099,2,2
3036,7198985054,2,1
3037,5969333094,2,3
3038,5969333099,2,2
3039,302926710,1,1
3040,147901307,1,2
3041,268585856,1,1
3042,1830505347,1,1
3043,302926730,1,1
3044,84593551,1,1
3045,3344419732,1,2
3046,20925334,1,1
3047,26823580,1,1
3048,3344419742,1,2
3049,3344419744,1,1
3050,2549435294,2,1
3051,292342693,1,1
3052,277793706,1,2
3053,17877964,2,2
3054,21646289,3,2
3055,5352246240,2,1
3056,252464111,1,1
3057,33967088,1,1
3058,9489395,1,1
3059,9489396,2,2
3060,5352246265,2,1
3061,3101838329,1,2
3062,332975116,1,1
3063,170773517,3,3
3064,9489425,2,2
3065,9489428,2,2
3066,9489430,1,2
3067,1695894563,2,2
3068,1695894581,2,3
3069,2465745973,2,2
3070,1695894587,1,1
3071,300469309,1,1
3072,1485261890,1,1
3073,15223882,1,1
3074,170773586,2,2
3075,170773601,1,1
3076,1595231334,1,1
3077,1045482615,1,1
3078,1268796538,1,2
3079,60279954,1,1
3080,1268796569,1,1
3081,281767,2,1
3082,281774,1,2
3083,32918703,1,1
3084,11586740,1,1
3085,5715872949,1,1
3086,5715872951,1,1
3087,281784,1,1
3088,11586744,1,1
3089,281788,1,1
3090,21646524,1,1
3091,21646526,1,1
3092,21646527,1,1
3093,21646525,1,1
3094,568249552,2,1
3095,281812,1,2
3096,568249564,1,1
3097,281822,2,1
3098,7425250,1,1
3099,270912739,2,3
3100,7425254,1,1
3101,270912758,1,1
3102,270912761,2,2
3103,270912762,1,1
3104,194170107,1,1
3105,60640504,1,1
3106,270191869,2,2
3107,270191868,1,1
3108,270191870,3,2
3109,270191871,1,1
3110,150555905,1,1
3111,270912772,2,2
3112,270912775,3,2
3113,270912782,1,2
3114,330714394,2,3
3115,270912794,2,2
3116,270912796,1,1
3117,330714397,3,3
3118,270912799,3,2
3119,270912813,1,1
3120,270912814,2,2
3121,270912816,2,3
3122,322882870,2,2
3123,1020349756,1,1
3124,1971146051,2,1
3125,461753671,2,1
3126,3140603210,2,2
3127,134466893,2,2
3128,461753683,2,2
3129,134466901,1,1
3130,35736927,2,1
3131,35736929,1,2
3132,461753698,1,1
3133,1485262184,1,1
3134,11586926,2,1
3135,2519059823,3,2
3136,1485262195,1,1
3137,2519059836,2,3
3138,2519059837,2,2
3139,970444159,2,2
3140,268357013,1,1
3141,264883606,2,2
3142,2068073885,1,1
3143,614452644,1,1
3144,247025061,1,1
3145,614452647,1,1
3146,310857144,2,2
3147,310857150,2,2
3148,310857154,2,3
3149,310857164,1,1
3150,269602253,1,2
3151,2925088212,2,1
3152,2519059924,2,3
3153,2021838298,2,2
3154,2519059935,2,2
3155,2021838311,2,3
3156,2519059946,3,2
3157,20958702,1,2
3158,268586495,2,2
3159,244960776,3,3
3160,244960807,1,2
3161,244960808,2,2
3162,316067389,2,1
3163,316067390,1,2
3164,316067393,2,2
3165,31346242,2,1
3166,316067398,2,1
3167,1929137770,2,2
3168,2105822837,3,2
3169,964644472,1,1
3170,964644473,1,1
3171,964644482,1,1
3172,282247,1,1
3173,26267276,1,2
3174,26267284,1,2
3175,282261,1,1
3176,26267285,1,2
3177,1626295969,3,2
3178,1626295973,2,1
3179,282278,1,1
3180,5253320362,1,1
3181,1626295988,2,1
3182,84496053,2,1
3183,60640966,1,1
3184,60640968,2,2
3185,2117652169,3,2
3186,177557194,1,1
3187,2117652175,3,2
3188,60640978,2,1
3189,359419609,1,2
3190,147902182,2,1
3191,26529517,1,2
3192,31215342,2,1
3193,31215344,1,2
3194,367873779,1,2
3195,250826484,1,1
3196,43372277,2,1
3197,26529528,1,1
3198,250826494,1,1
3199,20696861,3,2
3200,43372346,1,2
3201,263409478,1,1
3202,263409480,1,2
3203,289656651,2,2
3204,315838317,1,1
3205,306270069,1,1
3206,315838327,1,1
3207,31215480,2,2
3208,3362148217,1,1
3209,80072581,1,1
3210,263409553,2,1
3211,20696986,1,1
3212,20696997,2,2
3213,20697001,2,2
3214,245944234,2,2
3215,20697052,3,3
3216,20697058,2,2
3217,20697064,2,1
3218,2145079274,1,2
3219,458772464,2,2
3220,20697079,1,1
3221,305975307,2,2
3222,20697111,1,1
3223,20697114,1,1
3224,20238368,1,1
3225,305975333,3,2
3226,2145079333,2,2
3227,31903785,1,2
3228,20238383,1,2
3229,3465039920,1,1
3230,3465039922,1,1
3231,80072760,1,1
3232,2166476860,2,2
3233,263409726,1,1
3234,263409729,1,2
3235,2072596547,1,2
3236,2072596548,1,2
3237,2072596549,1,1
3238,3736916035,3,2
3239,390418531,1,2
3240,647745639,2,2
3241,288575592,2,2
3242,20238442,1,2
3243,647745644,2,1
3244,250564715,1,2
3245,20697200,2,2
3246,250564721,2,1
3247,390418546,2,1
3248,20697206,1,1
3249,647745655,2,2
3250,250564730,2,1
3251,1657688187,1,1
3252,250564735,2,1
3253,301748354,1,1
3254,263409795,2,1
3255,20238469,1,1
3256,250564742,1,2
3257,647745674,2,2
3258,1641566353,1,2
3259,157044881,2,1
3260,285135015,2,1
3261,20238511,1,1
3262,1641566389,2,1
3263,20238525,1,1
3264,157044929,2,2
3265,80072897,2,1
3266,80072910,1,2
3267,1561841882,2,1
3268,1561841889,2,2
3269,1561841891,1,1
3270,1641566441,1,2
3271,2315473132,2,1
3272,2166477040,2,2
3273,1641566455,1,2
3274,343560443,1,2
3275,18239740,2,2
3276,1657688315,1,1
3277,18239745,1,1
3278,1641566485,1,2
3279,285135134,2,1
3280,1641566507,2,1
3281,1641566515,2,1
3282,315838776,1,1
3283,16535872,2,1
3284,315838787,1,1
3285,1679937869,1,1
3286,264163666,1,1
3287,25579862,1,1
3288,248631649,2,2
3289,16535912,1,1
3290,248631660,2,2
3291,248631661,2,2
3292,5919086,1,1
3293,301748620,1,1
3294,59822486,1,1
3295,80073130,1,1
3296,80073146,1,1
3297,253055434,1,1
3298,253055435,2,2
3299,1430639053,2,3
3300,253055438,2,2
3301,267407828,1,2
3302,5320331737,1,1
3303,1261490655,2,2
3304,1551192549,1,1
3305,80073189,2,2
3306,324882961,1,1
3307,2034913812,1,1
3308,244961813,1,1
3309,324882973,1,1
3310,244961830,1,2
3311,1632850471,3,2
3312,177590833,2,1
3313,177492532,1,1
3314,244961846,2,2
3315,306270786,1,1
3316,244961871,2,1
3317,244961882,2,2
3318,1672106589,2,2
3319,1607586405,1,1
3320,1607586406,1,2
3321,346215015,1,1
3322,278745709,2,1
3323,155177584,1,2
3324,540430972,1,1
3325,346215040,2,2
3326,346215041,3,2
3327,270652035,1,2
3328,243782276,1,1
3329,290771591,1,1
3330,1016222343,2,2
3331,285135505,2,2
3332,7426714,1,1
3333,7426746,1,2
3334,7426750,2,2
3335,534467273,2,1
3336,571167439,1,1
3337,290771670,1,1
3338,177591014,1,2
3339,265081589,3,2
3340,1677677303,1,2
3341,1677677304,1,2
3342,1677677312,1,2
3343,150721281,1,2
3344,450155271,2,2
3345,1564398346,1,1
3346,450155274,1,1
3347,327144204,1,1
3348,1601753874,2,2
3349,16536347,1,2
3350,1601753892,2,2
3351,33248036,2,3
3352,33248037,2,1
3353,33248038,1,1
3354,2072597302,2,2
3355,1677677369,2,2
3356,1677677371,2,3
3357,1677677373,1,1
3358,21484354,1,2
3359,1677677390,2,2
3360,1677677391,1,1
3361,1677677392,2,1
3362,1677677396,1,1
3363,1677677397,2,2
3364,206099287,1,1
3365,206099290,1,1
3366,177558365,1,1
3367,70669157,1,1
3368,70669173,1,1
3369,1677677431,1,1
3370,88462200,1,1
3371,21287802,2,2
3372,21517185,1,2
3373,21517188,2,2
3374,279827334,2,3
3375,21517191,2,2
3376,262722455,1,1
3377,2034357144,2,2
3378,1547424669,2,1
3379,15848356,1,1
3380,15848366,1,1
3381,15848368,1,2
3382,15848373,2,1
3383,2034357175,2,2
3384,21582778,2,2
3385,15848380,1,1
3386,21582783,1,1
3387,21582784,1,2
3388,33248193,1,2
3389,11621315,2,1
3390,429609934,1,1
3391,429609936,1,1
3392,262722514,1,1
3393,33248213,2,1
3394,267441118,1,1
3395,262722529,1,1
3396,311514088,2,2
3397,311514091,2,2
3398,311514092,2,3
3399,472765422,2,2
3400,33117193,2,1
3401,21287944,2,1
3402,33117197,2,2
3403,476075022,1,2
3404,177558541,1,1
3405,283563025,3,2
3406,25580567,1,1
3407,25580569,1,2
3408,33117208,1,2
3409,254465074,1,1
3410,1059673147,2,1
3411,33117244,2,2
3412,457135165,2,3
3413,31282240,1,1
3414,457135169,2,2
3415,31282252,1,2
3416,31282253,2,1
3417,30954578,1,1
3418,52614231,1,1
3419,1677677658,1,1
3420,4475671650,1,2
3421,4475671653,2,1
3422,21288060,1,1
3423,2599965821,2,2
3424,457135231,2,1
3425,2599965825,1,1
3426,21288067,1,2
3427,83678351,1,1
3428,304141457,1,1
3429,83678354,1,1
3430,848680090,1,1
3431,21288099,2,1
3432,16536786,1,1
3433,1546900706,2,1
3434,304141553,2,2
3435,304141556,3,2
3436,129225980,2,1
3437,21288188,1,2
3438,340284676,1,1
3439,1677677828,2,2
3440,340284692,1,1
3441,259708185,2,1
3442,311514396,3,2
3443,21452083,2,2
3444,1870648636,1,2
3445,1695896897,2,2
3446,254399809,1,1
3447,254399810,1,1
3448,1695896908,1,1
3449,410834253,3,2
3450,177526108,1,2
3451,2355090788,2,2
3452,1677677924,2,2
3453,15160690,1,2
3454,430429559,1,1
3455,2165134714,2,1
3456,430429562,1,1
3457,250172795,1,1
3458,305976706,3,2
3459,649581957,1,1
3460,267638153,1,1
3461,649581962,2,1
3462,267638156,2,2
3463,2800473487,2,1
3464,147838366,1,2
3465,128341414,2,1
3466,52614592,1,2
3467,52614596,2,1
3468,52614600,2,2
3469,177493465,2,2
3470,128341467,1,2
3471,177493468,1,2
3472,1158927842,1,1
3473,147838436,2,1
3474,21550593,2,1
3475,21550597,1,2
3476,283563539,2,2
3477,1573049885,2,1
3478,255415853,2,2
3479,255415856,1,2
3480,319313470,2,1
3481,25744961,1,1
3482,319313474,2,1
3483,319313475,2,1
3484,319313473,1,2
3485,319313479,3,3
3486,444880456,2,2
3487,319313482,3,3
3488,25744975,2,1
3489,25744976,2,2
3490,319313489,1,2
3491,319313504,2,1
3492,331830885,1,2
3493,246994535,2,1
3494,249091687,1,1
3495,21452394,2,3
3496,21452395,2,3
3497,249091692,2,2
3498,292345454,2,1
3499,2255574640,1,1
3500,249091697,2,1
3501,100685430,2,1
3502,21452409,3,3
3503,21517953,3,2
3504,21452422,1,2
3505,6787323547,1,1
3506,2127681180,2,3
3507,27317933,2,2
3508,35182303,1,2
3509,89183982,1,1
3510,249091822,1,2
3511,81319667,1,1
3512,177592060,1,1
3513,2701252349,1,1
3514,96524053,1,1
3515,1618827055,1,2
3516,5240575799,2,2
3517,270522182,2,2
3518,1824587,1,1
3519,1550669653,1,1
3520,1824597,1,2
3521,1056364383,1,1
3522,1550669664,1,2
3523,1824610,1,1
3524,274388844,1,2
3525,257775477,1,1
3526,1550669688,1,2
3527,1550669712,1,2
3528,32561046,2,1
3529,1596675993,2,1
3530,1878022043,1,2
3531,280188836,1,2
3532,32561062,1,2
3533,280188837,2,1
3534,289134505,2,2
3535,1550669744,2,1
3536,251549625,1,1
3537,653285306,1,1
3538,21354427,2,1
3539,33249210,1,1
3540,1789253565,1,1
3541,305977283,2,2
3542,32561092,1,2
3543,32561093,2,1
3544,33249225,2,1
3545,264132554,2,2
3546,264132559,1,1
3547,1824721,2,3
3548,264132561,2,1
3549,33249234,1,1
3550,33249237,1,1
3551,1587140590,1,2
3552,1789253615,2,2
3553,2363152371,1,1
3554,1550669826,2,1
3555,601053186,2,2
3556,177494022,2,1
3557,32561160,1,2
3558,2021480460,2,2
3559,293787667,1,1
3560,293787684,1,1
3561,1824805,3,2
3562,1989007397,2,3
3563,293787686,1,1
3564,177592360,1,2
3565,1824814,2,3
3566,270424111,2,1
3567,293787702,1,1
3568,296179766,1,1
3569,293787705,1,1
3570,1824844,3,2
3571,664131661,1,1
3572,177592400,2,2
3573,297031762,2,2
3574,1934350419,2,2
3575,664131668,1,1
3576,1934350418,1,1
3577,1934350420,1,1
3578,1547360346,1,2
3579,197646433,1,2
3580,1824874,2,2
3581,1955949,2,3
3582,33249391,1,2
3583,1955955,2,1
3584,271341688,1,2
3585,271341691,2,1
3586,1824897,3,2
3587,1955975,1,1
3588,1955986,2,2
3589,322787475,2,3
3590,1824919,2,3
3591,271341743,2,2
3592,34035887,1,1
3593,177592496,2,1
3594,34035893,1,1
3595,21092534,1,2
3596,1956028,2,3
3597,21092542,2,1
3598,271341759,1,2
3599,21092543,2,1
3600,1956032,2,2
3601,1956035,1,1
3602,1824964,2,3
3603,853727426,1,1
3604,1824967,2,3
3605,1550670024,1,1
3606,271341768,2,2
3607,34035916,1,2
3608,1550670029,1,1
3609,1956047,2,2
3610,1956051,1,1
3611,21092563,1,1
3612,18176225,1,1
3613,177690849,1,1
3614,18176234,2,2
3615,1665554668,2,1
3616,271341814,1,1
3617,59955447,3,2
3618,262199557,1,2
3619,271341831,1,1
3620,262199562,2,2
3621,1825037,3,3
3622,3140311308,2,1
3623,262199567,1,1
3624,223631633,1,1
3625,21518611,2,1
3626,1825043,2,2
3627,3140311316,2,3
3628,3140311315,3,2
3629,3140311323,1,2
3630,110254366,1,1
3631,246995232,1,2
3632,340384032,1,2
3633,279468322,1,1
3634,340384038,2,2
3635,340384046,1,1
3636,1367005486,1,2
3637,1829099829,1,1
3638,223631670,1,2
3639,1367005497,1,2
3640,21518649,1,2
3641,317413698,1,2
3642,1829099842,1,1
3643,1367005512,2,2
3644,21518674,2,3
3645,2164087125,2,1
3646,1119476053,3,2
3647,21518683,2,2
3648,21518684,1,2
3649,21518689,2,1
3650,1367005538,2,2
3651,1825124,2,2
3652,1367005541,1,1
3653,21518694,1,2
3654,2703907178,1,2
3655,21518704,2,2
3656,21518708,2,2
3657,1367005557,1,1
3658,21518736,1,1
3659,1825168,1,2
3660,1119476118,2,2
3661,1119476126,2,3
3662,264591778,3,2
3663,178903482,2,1
3664,269310398,1,2
3665,16538049,1,1
3666,256956890,2,1
3667,256956894,1,2
3668,2382306,1,1
3669,447568355,1,1
3670,447568367,2,3
3671,599972341,2,2
3672,2453756415,2,1
3673,250042929,1,2
3674,2802833984,1,1
3675,252795457,2,1
3676,2802833987,2,2
3677,31906396,2,1
3678,31906400,1,2
3679,267016801,2,1
3680,267016802,1,2
3681,318790255,1,1
3682,13884038,1,1
3683,1673845382,2,2
3684,318790278,1,1
3685,110254733,1,1
3686,318790290,1,1
3687,4683586197,1,2
3688,370236072,2,1
3689,31906475,1,2
3690,83221166,1,1
3691,24500919,2,1
3692,2117393080,2,2
3693,24500922,1,2
3694,24500926,2,1
3695,31021783,2,1
3696,356014812,1,1
3697,24500957,1,2
3698,24500960,2,1
3699,1538874081,1,1
3700,24500966,1,2
3701,343661303,1,1
3702,1538874109,1,1
3703,761355016,1,1
3704,86956838,1,2
3705,21093167,1,1
3706,355851092,2,3
3707,17193814,2,1
3708,194173795,1,1
3709,1792695144,1,1
3710,2382706,2,2
3711,21388146,1,2
3712,4110375801,2,2
3713,14670717,1,1
3714,14670720,2,2
3715,21388164,1,2
3716,21388165,2,1
3717,2530663305,1,1
3718,14670730,2,2
3719,14670732,2,1
3720,14670734,1,2
3721,600824724,1,1
3722,83057567,2,1
3723,2054183844,2,2
3724,83057573,2,2
3725,355851181,3,2
3726,83057581,1,1
3727,86956976,2,1
3728,282319794,1,2
3729,57826232,1,1
3730,2382800,1,1
3731,180149202,3,3
3732,250043348,1,1
3733,2600754134,1,1
3734,57826263,2,1
3735,172743640,1,2
3736,250043354,2,1
3737,177691610,1,2
3738,57826269,1,1
3739,1585011680,1,2
3740,1468455915,1,1
3741,250043371,1,2
3742,2382830,1,2
3743,566287343,1,1
3744,566287358,1,1
3745,1538874372,1,1
3746,1538874373,1,1
3747,3682196488,1,1
3748,2382884,1,2
3749,1776311341,1,2
3750,178871346,2,1
3751,16538676,1,2
3752,270785590,1,1
3753,3368016953,2,2
3754,270785600,1,1
3755,31022162,1,1
3756,31022165,2,1
3757,154717,1,1
3758,305716319,1,1
3759,16538721,1,2
3760,356539498,1,1
3761,356539499,2,3
3762,2382973,1,1
3763,580748,1,2
3764,320560282,2,1
3765,52616348,1,1
3766,154783,1,1
3767,246996131,1,2
3768,315841701,2,2
3769,154793,1,2
3770,1776311467,1,2
3771,180149422,1,1
3772,154803,1,1
3773,154804,1,2
3774,2327305417,1,1
3775,154830,1,2
3776,154831,2,1
3777,154833,1,2
3778,154834,2,1
3779,33545426,1,2
3780,33545425,2,1
3781,33545438,1,1
3782,1025498336,1,1
3783,154883,1,1
3784,301161736,3,2
3785,1025498388,1,1
3786,355851552,2,3
3787,31022376,2,1
3788,3833847084,2,1
3789,7439801649,2,2
3790,2383155,2,1
3791,2383158,1,1
3792,2600754488,1,1
3793,318364985,2,2
3794,2383195,1,2
3795,2383200,1,2
3796,515445,1,2
3797,914382197,1,2
3798,355851644,3,2
3799,515452,1,1
3800,1532550526,2,2
3801,82730372,1,2
3802,82730374,1,1
3803,82730377,2,2
3804,21028261,1,1
3805,248470962,2,1
3806,581050,2,1
3807,1714806204,1,1
3808,515525,1,2
3809,301948364,2,1
3810,715054543,2,2
3811,914382292,1,2
3812,515544,1,1
3813,258366954,1,1
3814,32562669,2,2
3815,832101874,2,2
3816,2383347,2,1
3817,30039548,1,2
3818,31022590,1,2
3819,4515847680,1,1
3820,31022594,2,1
3821,515586,1,2
3822,1585077780,1,2
3823,16539158,1,2
3824,15851031,2,2
3825,28990999,2,1
3826,28991001,1,2
3827,28991003,1,1
3828,15851040,2,2
3829,254008866,2,1
3830,581159,1,2
3831,15851055,1,1
3832,914382388,1,1
3833,2383413,2,1
3834,515637,2,1
3835,1585077829,2,2
3836,27352647,1,1
3837,581194,1,2
3838,1585077838,2,2
3839,15851087,1,1
3840,15851088,1,2
3841,945184340,1,1
3842,17063516,2,3
3843,1174101608,2,1
3844,1056431721,1,1
3845,17063534,3,2
3846,1255726706,1,1
3847,147906163,2,2
3848,147906165,1,1
3849,281730677,1,1
3850,281730683,1,1
3851,198237825,1,1
3852,178871938,1,2
3853,1585077893,2,2
3854,71392902,1,1
3855,258367110,2,2
3856,258367117,1,2
3857,2381700755,2,1
3858,1585077909,2,1
3859,186801814,1,1
3860,1056431765,2,1
3861,2413420184,1,1
3862,71392922,1,1
3863,1585077917,2,2
3864,21388961,1,1
3865,28991142,1,2
3866,198237864,1,1
3867,31022761,1,2
3868,177528494,2,1
3869,1585077942,1,2
3870,258367162,1,2
3871,295067323,1,1
3872,581314,2,1
3873,581315,2,1
3874,1866325697,2,2
3875,295067336,1,2
3876,21356260,1,2
3877,581350,1,1
3878,21356272,1,2
3879,190177011,2,1
3880,186801915,1,1
3881,450304,1,1
3882,21356294,2,1
3883,194174731,2,1
3884,1571118862,2,1
3885,291331863,2,2
3886,1255726871,1,1
3887,581398,1,1
3888,1255726875,2,2
3889,281730849,1,1
3890,450341,2,1
3891,281730852,1,1
3892,267411239,1,2
3893,155434,1,2
3894,267411246,2,1
3895,291331888,1,2
3896,155443,1,1
3897,573398847,1,1
3898,573398851,1,1
3899,15359813,2,1
3900,609410888,1,2
3901,15359818,2,1
3902,573398861,2,2
3903,450389,2,1
3904,15359829,1,1
3905,15359832,1,2
3906,450393,1,1
3907,1174101852,1,1
3908,298606431,1,1
3909,450400,1,2
3910,155492,2,1
3911,155493,1,1
3912,1255726961,1,1
3913,130146180,2,1
3914,31907725,1,1
3915,1829167021,1,1
3916,1829167022,1,1
3917,230416302,1,2
3918,230416304,2,2
3919,282320814,2,2
3920,356671416,1,1
3921,1255727035,1,2
3922,276914110,2,1
3923,276914119,2,2
3924,356671442,1,1
3925,199024600,2,2
3926,20930537,1,1
3927,83222510,1,1
3928,1237082108,2,2
3929,316825611,1,1
3930,516139,2,1
3931,516140,1,2
3932,27418674,2,1
3933,2330484791,2,2
3934,177659984,2,2
3935,177659989,2,1
3936,516185,1,2
3937,21389441,1,1
3938,1255727252,1,1
3939,1794201,2,3
3940,1794227,2,1
3941,282321079,2,1
3942,2125947064,2,2
3943,516282,1,1
3944,1255727293,1,1
3945,1909678270,2,2
3946,516287,1,2
3947,516289,1,2
3948,327082184,2,2
3949,147906764,1,2
3950,566550739,1,2
3951,575660247,1,1
3952,575660249,1,1
3953,566550747,2,1
3954,2125947102,2,2
3955,15294689,1,1
3956,15294694,1,1
3957,292348144,2,1
3958,15294711,1,1
3959,11591932,2,2
3960,1623777535,1,2
3961,275702015,1,2
3962,3783057670,1,1
3963,1255727368,1,1
3964,281043209,1,2
3965,15294731,2,1
3966,350380302,2,1
3967,1174102302,1,1
3968,15294762,1,1
3969,15294766,1,1
3970,256631093,2,1
3971,268362039,1,2
3972,1769333055,3,2
3973,15294788,1,1
3974,300605773,1,1
3975,281043280,2,1
3976,411492691,2,2
3977,15294804,1,2
3978,249160021,1,2
3979,180150617,1,2
3980,15294817,1,1
3981,21717352,1,1
3982,894722412,1,1
3983,15294848,1,2
3984,282747269,2,3
3985,282747273,2,2
3986,282747279,1,1
3987,282747283,2,2
3988,282747285,3,2
3989,3340198309,2,2
3990,3317621185,2,2
3991,2984075755,2,2
3992,267903469,2,2
3993,311976432,1,1
3994,316826097,2,2
3995,267903474,1,1
3996,5890549,2,1
3997,2984075765,2,2
3998,416637437,2,2
3999,2984075777,2,2
4000,292872709,1,2
4001,2117591561,2,2
4002,282321436,1,2
4003,292872733,1,1
4004,270524963,2,2
4005,292872746,2,2
4006,2094391850,2,2
4007,282321450,2,1
4008,6578734,1,1
4009,6578736,1,1
4010,292872753,2,1
4011,2400182838,1,1
4012,177660475,1,2
4013,409592389,1,1
4014,17195590,3,3
4015,409592393,1,1
4016,17195601,2,2
4017,256926297,2,2
4018,17195632,2,2
4019,302899843,1,1
4020,17195659,1,1
4021,272032402,1,2
4022,7430810,1,1
4023,315089564,2,1
4024,2257347229,1,1
4025,83813026,1,1
4026,7430820,2,1
4027,315089577,2,1
4028,7430828,1,1
4029,256631470,2,1
4030,315089584,1,2
4031,7430849,1,2
4032,259056334,1,2
4033,3345769171,2,2
4034,3345769179,2,2
4035,259056362,2,1
4036,12215025,2,1
4037,45474557,2,3
4038,651977470,1,1
4039,2931548942,1,1
4040,4111590159,2,3
4041,2931548945,2,1
4042,11658003,3,2
4043,11658004,1,2
4044,1561649955,1,1
4045,216326952,1,1
4046,21357370,1,2
4047,259056443,1,1
4048,20833093,2,1
4049,292348751,1,1
4050,21357393,1,1
4051,259056474,1,1
4052,11658079,1,2
4053,610886502,2,2
4054,2069128047,1,2
4055,4945568623,1,1
4056,5890932,1,2
4057,5890934,1,2
4058,5890948,1,1
4059,2069128091,1,1
4060,3360056235,2,2
4061,2069128114,1,1
4062,7431110,1,2
4063,7431111,2,1
4064,28959692,1,1
4065,7431117,1,2
4066,409199568,2,2
4067,306471901,1,2
4068,306471905,2,2
4069,306471908,2,1
4070,306471910,3,2
4071,18015251,2,1
4072,399139861,1,1
4073,18015259,2,2
4074,18277405,2,2
4075,18277407,2,2
4076,399139877,1,1
4077,18277418,2,1
4078,1549558846,1,1
4079,1795138,2,2
4080,2703025235,1,1
4081,1038247031,1,1
4082,278520956,2,1
4083,311977085,1,1
4084,311977088,1,1
4085,285467785,2,1
4086,177661073,2,2
4087,177661076,2,1
4088,27485339,1,2
4089,54060200,2,1
4090,5924021,1,1
4091,5924022,1,1
4092,335701187,1,1
4093,120317145,1,1
4094,2802935003,2,2
4095,13034719,1,1
4096,293496039,2,2
4097,17196280,1,2
4098,13034745,2,1
4099,119137531,1,2
4100,119137539,1,1
4101,3933234445,1,1
4102,221504786,2,1
4103,33678610,1,1
4104,315483415,1,1
4105,266921240,2,2
4106,315483420,2,3
4107,221504797,2,2
4108,259024168,1,1
4109,259024171,3,3
4110,259024175,2,2
4111,259024178,1,1
4112,177661242,1,2
4113,3340461394,2,2
4114,26699093,2,3
4115,266921309,1,1
4116,295560542,1,1
4117,295560546,1,2
4118,295560555,1,1
4119,1687053675,1,2
4120,295560560,2,2
4121,1659626866,2,1
4122,352675189,1,1
4123,352675194,1,1
4124,352675196,1,1
4125,301229441,1,1
4126,352675205,1,1
4127,26699153,1,1
4128,26699160,1,1
4129,7431579,2,1
4130,7431577,1,1
4131,2102125977,2,1
4132,270460314,2,2
4133,25912741,1,2
4134,2169693618,1,1
4135,2102126008,2,1
4136,2102126017,2,1
4137,480339401,2,1
4138,256632268,1,2
4139,430728655,2,2
4140,256435699,1,1
4141,3239339515,1,1
4142,3239339516,2,2
4143,270427656,1,1
4144,21718539,1,2
4145,270427662,2,2
4146,17196558,2,2
4147,270427668,1,2
4148,2385433,2,1
4149,1484187175,1,2
4150,266397236,2,1
4151,2385468,1,2
4152,319219261,2,1
4153,266397253,2,2
4154,1659627083,2,1
4155,266397268,1,2
4156,474375792,1,1
4157,474375812,2,1
4158,474375813,2,2
4159,97674887,1,1
4160,97674892,2,1
4161,97674896,1,2
4162,288403,2,1
4163,97674900,2,2
4164,3210569370,2,2
4165,288464,1,1
4166,32925394,2,1
4167,60647126,1,2
4168,32925400,1,2
4169,198305499,1,2
4170,60647131,2,2
4171,506488541,2,1
4172,112420574,1,2
4173,368305895,1,1
4174,279963372,1,1
4175,2100160247,2,3
4176,279963395,1,1
4177,30926604,1,1
4178,279963409,1,1
4179,288540,2,1
4180,288543,1,1
4181,262498091,1,2
4182,262498093,2,1
4183,262498101,1,1
4184,288568,1,1
4185,388359998,2,3
4186,262498111,2,2
4187,262498115,2,1
4188,388360004,2,2
4189,32925507,1,2
4190,388360011,2,2
4191,280520524,1,1
4192,262498133,2,2
4193,32925525,2,1
4194,388360027,1,1
4195,62351202,3,2
4196,62351203,2,3
4197,1484187492,1,1
4198,134571881,2,1
4199,271673196,1,2
4200,270428014,1,1
4201,32925554,1,2
4202,270428026,1,1
4203,29747074,2,1
4204,29747075,1,2
4205,29747082,1,1
4206,32925578,1,2
4207,198305685,2,1
4208,482895768,2,1
4209,164128664,1,2
4210,1639311258,2,1
4211,1639311272,1,1
4212,295856041,2,1
4213,304605099,3,2
4214,32925611,2,2
4215,32925616,2,2
4216,2746293,1,1
4217,1564436405,1,1
4218,256632769,1,2
4219,1970857928,1,1
4220,93644753,1,1
4221,360900566,1,1
4222,1345578971,1,1
4223,270428125,1,1
4224,2927683550,1,1
4225,93644769,2,3
4226,4128106465,1,1
4227,93644776,2,3
4228,2927683567,2,1
4229,360900597,1,1
4230,197421061,3,2
4231,241788937,2,1
4232,197421074,2,3
4233,2341824561,2,1
4234,17066036,2,3
4235,2385980,3,2
4236,2385992,3,2
4237,307062861,1,2
4238,2385999,3,3
4239,307062865,2,2
4240,307062864,3,2
4241,83028059,2,2
4242,2746458,2,1
4243,15296604,1,1
4244,3804096609,2,2
4245,78375021,1,1
4246,3804096623,2,2
4247,32925808,1,2
4248,2071718015,2,2
4249,942041220,1,2
4250,32925849,1,2
4251,309225630,1,1
4252,2071718066,2,2
4253,3332303035,2,1
4254,37939390,2,1
4255,31680704,1,1
4256,271345857,2,1
4257,1531603143,1,1
4258,37939403,1,1
4259,4142754021,1,1
4260,4142754037,2,2
4261,67102968,2,2
4262,247032060,1,1
4263,15296768,2,1
4264,15296769,1,2
4265,15296771,2,1
4266,246016267,1,1
4267,304638222,1,2
4268,67102993,1,2
4269,155183384,2,2
4270,67103007,1,2
4271,288385333,1,1
4272,177695030,1,1
4273,1184983370,1,1
4274,71756130,2,1
4275,35252587,1,2
4276,35252589,2,1
4277,35252592,1,2
4278,35252597,2,1
4279,17164664,1,1
4280,40790404,1,2
4281,309225869,2,2
4282,13887887,1,1
4283,309225873,3,2
4284,130148753,2,2
4285,40790425,2,2
4286,17197477,2,1
4287,31091110,2,2
4288,40790440,2,2
4289,551414185,3,2
4290,31091113,1,1
4291,31091114,1,1
4292,551414199,2,3
4293,177695159,1,2
4294,130148802,1,1
4295,318368205,1,1
4296,31091156,2,1
4297,318368216,1,1
4298,318368217,1,1
4299,305818077,1,1
4300,318368225,1,1
4301,30239200,1,1
4302,15296995,2,1
4303,188475884,1,1
4304,18377207,1,1
4305,320137728,2,3
4306,320137731,2,2
4307,18377220,1,2
4308,18377226,1,1
4309,2158553612,1,2
4310,18377235,2,1
4311,18377243,1,1
4312,45476384,3,2
4313,584239,2,1
4314,584250,1,2
4315,584253,2,1
4316,178973263,2,2
4317,1956833876,1,2
4318,3630197352,1,1
4319,320596593,2,1
4320,178842237,1,1
4321,21260927,2,1
4322,320596607,2,2
4323,40790657,1,1
4324,320596616,1,1
4325,12249744,2,2
4326,155183760,2,1
4327,199027346,1,1
4328,40659608,1,1
4329,178973341,2,1
4330,12249776,2,1
4331,614099633,2,2
4332,12249790,1,1
4333,556657366,2,1
4334,1547889368,1,1
4335,2072210144,2,1
4336,430467816,1,1
4337,178973417,1,2
4338,430467821,1,1
4339,1561651956,1,1
4340,1559194374,1,2
4341,21261070,1,1
4342,17558293,1,2
4343,275049239,1,1
4344,17558299,1,1
4345,17558301,1,1
4346,3347606302,2,2
4347,28338976,2,3
4348,41216802,2,1
4349,298085155,1,1
4350,17558308,1,2
4351,28338982,1,2
4352,28338992,3,2
4353,100297520,1,1
4354,177695544,2,1
4355,1119316815,2,3
4356,1548774224,1,1
4357,309226322,3,2
4358,1559194457,2,1
4359,1548774239,2,2
4360,1548774243,2,1
4361,294054757,2,2
4362,3317459820,2,2
4363,198339441,2,1
4364,3317459836,2,2
4365,275704709,2,1
4366,11594630,1,2
4367,15428496,1,1
4368,31320981,2,2
4369,564652961,2,2
4370,564652963,2,1
4371,15428517,1,2
4372,2106256296,1,2
4373,2106256298,2,1
4374,267414445,2,2
4375,2106256304,1,1
4376,178940850,1,1
4377,15428531,1,2
4378,2106256307,1,2
4379,15428534,1,2
4380,3867077560,1,1
4381,178973625,2,2
4382,318696380,1,1
4383,3867077570,1,1
4384,318696386,1,1
4385,318696388,1,1
4386,318696393,1,1
4387,2106256328,2,1
4388,15428557,1,1
4389,2123459533,2,2
4390,88992723,2,2
4391,15428566,1,1
4392,267414487,2,3
4393,584662,2,1
4394,463236056,3,2
4395,463236055,3,2
4396,584669,2,1
4397,267414501,3,2
4398,15428587,2,1
4399,178973677,1,2
4400,15428592,1,1
4401,584688,2,1
4402,88992752,2,1
4403,1938516980,2,2
4404,301231094,2,2
4405,27388919,1,2
4406,301231095,2,2
4407,62352380,2,2
4408,15428604,2,1
4409,15297531,1,1
4410,15428613,2,1
4411,15297536,2,1
4412,15297537,1,2
4413,15297543,1,2
4414,15297541,1,1
4415,249326607,1,1
4416,15428625,1,1
4417,331836438,1,2
4418,274230295,2,2
4419,1951362074,1,1
4420,566258719,1,1
4421,566258720,1,1
4422,584740,2,1
4423,15428651,1,1
4424,15428653,1,1
4425,15428656,1,1
4426,288975923,2,2
4427,15428661,1,1
4428,15428663,1,1
4429,178973754,2,1
4430,15428672,1,1
4431,25586756,2,1
4432,584775,1,1
4433,584779,2,1
4434,15428684,1,1
4435,309226577,2,2
4436,25586772,1,1
4437,1582754914,2,2
4438,584812,1,1
4439,24669294,1,1
4440,1407708284,2,2
4441,1407708285,2,2
4442,72871040,2,1
4443,584833,1,1
4444,24669316,2,1
4445,72871057,2,2
4446,584861,2,1
4447,303295647,1,1
4448,72871074,2,2
4449,454388900,1,1
4450,584882,1,2
4451,249326786,1,1
4452,584907,1,1
4453,584908,1,1
4454,660860108,2,2
4455,203517149,1,2
4456,104623332,1,1
4457,203517159,2,1
4458,4746471,2,1
4459,13888745,1,2
4460,3850235113,1,2
4461,21490924,1,2
4462,21490925,1,1
4463,331443455,1,2
4464,160394518,1,1
4465,918416671,1,1
4466,3669978407,2,1
4467,3669978409,1,2
4468,301624620,2,2
4469,301624624,1,1
4470,289434946,1,1
4471,280554818,2,2
4472,1673981258,3,2
4473,125070679,1,2
4474,125070697,1,2
4475,76475770,1,1
4476,76475773,2,1
4477,6068104581,1,1
4478,3327389066,1,1
4479,388984203,1,2
4480,125070736,3,2
4481,291171729,2,2
4482,388984211,2,2
4483,291171731,1,1
4484,388984215,1,1
4485,1531080107,2,3
4486,1607560628,1,1
4487,490663357,1,1
4488,1607560641,1,1
4489,265973199,2,1
4490,265973200,2,2
4491,319221228,1,1
4492,17165808,1,1
4493,241790448,1,2
4494,266399221,2,2
4495,266399223,1,2
4496,1487924731,1,1
4497,17165828,2,2
4498,28339718,1,2
4499,197422607,1,1
4500,25587215,2,2
4501,21098009,2,2
4502,28339739,2,1
4503,1530981917,1,1
4504,21098013,1,1
4505,245034531,1,2
4506,76475947,1,2
4507,197422642,1,2
4508,245034607,2,1
4509,245034622,1,2
4510,2334453377,1,1
4511,2334453378,1,1
4512,690777737,1,1
4513,76476041,2,2
4514,245034636,1,2
4515,17165971,2,2
4516,76476051,2,2
4517,3979472544,2,1
4518,3979472545,2,1
4519,3979472546,1,2
4520,76476065,1,2
4521,3979472550,1,2
4522,52031155,3,3
4523,266399411,1,2
4524,17166006,1,1
4525,43347644,1,1
4526,52031165,2,2
4527,1516302030,2,1
4528,245034707,1,2
4529,1516302035,1,2
4530,76705493,2,2
4531,76705504,2,3
4532,43347682,2,2
4533,245034725,2,1
4534,76476137,2,2
4535,245034732,1,2
4536,1575448307,1,1
4537,245034759,1,1
4538,245034775,1,1
4539,245034782,1,2
4540,245034784,2,1
4541,514387750,1,1
4542,3362123560,2,2
4543,30207785,2,1
4544,3153555244,1,2
4545,3153555245,2,1
4546,3153555250,2,1
4547,1428909895,2,2
4548,78376796,1,1
4549,2595909472,1,1
4550,43347810,2,1
4551,78376807,2,2
4552,2259808110,2,2
4553,21557108,1,1
4554,2259808116,2,2
4555,1642884987,1,2
4556,78376830,2,1
4557,5838008206,1,1
4558,31256472,1,1
4559,17166232,1,1
4560,75591580,1,1
4561,197783471,1,2
4562,197783474,2,1
4563,3153555395,1,1
4564,3153555396,1,1
4565,3153555397,1,1
4566,3153555398,1,1
4567,197783494,2,1
4568,17166348,2,1
4569,129953810,1,2
4570,3015241749,1,2
4571,2363191326,1,2
4572,3015241757,1,2
4573,21557282,2,2
4574,21557288,2,2
4575,31322158,2,1
4576,31322169,2,1
4577,25620551,1,1
4578,25620555,2,2
4579,21557325,2,2
4580,76705889,2,2
4581,2791403638,1,1
4582,245035131,2,1
4583,1613590657,1,2
4584,250966173,2,1
4585,250966178,1,2
4586,183922852,1,1
4587,282751142,1,1
4588,250966183,2,2
4589,1613590705,2,2
4590,282751158,1,1
4591,256012470,1,1
4592,245035227,2,1
4593,1631842529,1,2
4594,1631842533,1,2
4595,129954023,1,2
4596,2405921000,3,2
4597,256962795,2,1
4598,129954027,2,2
4599,2405921008,3,3
4600,262107380,1,1
4601,2405921016,3,2
4602,129954041,2,1
4603,1631842554,1,2
4604,245035259,2,1
4605,60289276,1,2
4606,60289278,2,1
4607,1827795200,1,1
4608,1716515075,1,2
4609,1827795202,1,1
4610,2006118661,2,2
4611,281735438,1,2
4612,60289295,1,2
4613,281735439,2,1
4614,281735437,2,1
4615,262500625,1,2
4616,2670129431,1,1
4617,262500629,2,2
4618,96465173,1,2
4619,1037922587,2,2
4620,24899876,2,2
4621,315846954,1,2
4622,2748576049,2,2
4623,28537140,2,2
4624,96465206,1,2
4625,2046718263,1,1
4626,2711613753,1,1
4627,427782465,1,1
4628,319385922,1,1
4629,28537154,1,1
4630,28537159,1,1
4631,261189967,1,1
4632,245035354,1,2
4633,1588490598,1,2
4634,245035379,1,2
4635,127349,1,1
4636,245035383,2,1
4637,2262397307,2,2
4638,1038152061,1,1
4639,127358,2,3
4640,127357,2,2
4641,147845505,2,1
4642,1248981379,2,2
4643,245035401,1,2
4644,3787288974,1,2
4645,388985233,3,2
4646,18575766,1,1
4647,245035419,2,1
4648,2507927970,2,2
4649,245035433,1,1
4650,2507927979,2,2
4651,127413,2,2
4652,63467957,2,2
4653,248705477,1,1
4654,2362208713,2,2
4655,2362208717,2,1
4656,387871181,1,1
4657,2362208719,1,2
4658,2362208724,2,1
4659,1613591007,1,1
4660,3357372898,2,2
4661,45478376,1,1
4662,2362208751,2,2
4663,2362208755,1,2
4664,2362208766,1,1
4665,2362208772,1,1
4666,3252843022,1,1
4667,270365199,2,2
4668,778269226,1,1
4669,248705597,1,1
4670,270365249,2,2
4671,254014043,1,1
4672,129954396,2,1
4673,21525094,1,1
4674,490533480,2,2
4675,1829073532,1,1
4676,304607871,1,1
4677,1829073540,1,1
4678,304607881,1,2
4679,2674619018,1,1
4680,778269332,1,1
4681,1829073556,1,1
4682,248705699,1,1
4683,254014125,2,2
4684,254014135,2,1
4685,2046358218,1,1
4686,20968154,1,2
4687,178942705,1,1
4688,2056516339,1,1
4689,274821897,3,2
4690,274821899,1,1
4691,274821907,2,2
4692,1564111637,2,1
4693,248214292,1,2
4694,248214301,2,1
4695,248214304,1,2
4696,1930021,2,2
4697,251818804,1,1
4698,1402696505,1,1
4699,248214332,2,1
4700,1530295101,1,1
4701,1402696516,1,1
4702,33125222,1,2
4703,21525353,1,1
4704,33125227,1,2
4705,21525355,1,1
4706,33125230,2,1
4707,177566576,1,1
4708,164066189,1,2
4709,266400662,1,1
4710,255947675,1,1
4711,164066203,1,2
4712,91059101,1,2
4713,2021880739,3,2
4714,91059117,1,1
4715,17200054,1,2
4716,25686968,2,1
4717,25686970,2,2
4718,25686976,1,1
4719,248509379,2,1
4720,266400729,2,2
4721,266400730,1,2
4722,264369126,1,2
4723,1573155839,1,2
4724,81327111,1,1
4725,1056470026,1,2
4726,1056470034,2,2
4727,3661493267,2,1
4728,25588764,1,1
4729,25588765,1,1
4730,2994435100,1,1
4731,70284330,3,2
4732,25588781,1,1
4733,177566771,1,1
4734,25588788,1,1
4735,70284348,1,2
4736,7248835657,2,1
4737,496006222,1,1
4738,404747346,2,1
4739,70284365,2,2
4740,2939155542,1,1
4741,496006235,1,1
4742,266400869,1,2
4743,266400870,1,2
4744,7248835689,2,2
4745,7248835706,2,1
4746,71595133,2,1
4747,71595140,2,2
4748,71595151,2,1
4749,35157166,2,2
4750,29127856,1,2
4751,1930467,3,2
4752,2165044456,1,2
4753,13890800,2,2
4754,21525751,2,1
4755,357624,1,1
4756,1930490,2,2
4757,26113281,1,1
4758,13890818,2,3
4759,21525763,1,2
4760,21525766,1,2
4761,1601074441,1,1
4762,34469146,1,1
4763,90469664,1,1
4764,128290,3,2
4765,34469156,3,2
4766,1930535,1,1
4767,128307,3,2
4768,128309,3,2
4769,128315,2,3
4770,128318,2,2
4771,333542728,2,2
4772,21263689,2,1
4773,1065448779,1,2
4774,1065448799,2,1
4775,357734,1,2
4776,357736,2,2
4777,21263721,1,1
4778,5633390,1,1
4779,329676152,1,1
4780,320140679,2,2
4781,34829704,2,3
4782,21263758,2,1
4783,34829714,3,2
4784,270464404,2,2
4785,34829717,3,2
4786,21263762,2,1
4787,1552709017,1,1
4788,34829723,3,3
4789,1552709019,1,1
4790,2240116127,1,1
4791,357797,3,2
4792,357799,2,3
4793,267482538,1,2
4794,267482541,2,2
4795,357807,2,3
4796,267482544,2,2
4797,267482545,1,1
4798,357811,2,3
4799,357813,2,2
4800,357816,1,1
4801,267482551,2,1
4802,5633479,1,1
4803,5633483,1,1
4804,1578104267,1,1
4805,2121168353,2,2
4806,21493223,1,2
4807,2069132781,1,1
4808,268858866,1,1
4809,21263868,1,2
4810,21263869,1,2
4811,319321610,1,2
4812,2536273423,1,2
4813,2536273426,2,3
4814,319321619,2,1
4815,21263895,2,1
4816,21263908,1,2
4817,496956968,1,1
4818,515634743,1,2
4819,515634805,2,1
4820,331478651,1,1
4821,331478661,2,2
4822,2770597522,1,1
4823,27260567,1,2
4824,94008984,4,2
4825,247035545,1,1
4826,27260568,2,2
4827,27260570,1,1
4828,2325640860,1,2
4829,325286,1,1
4830,1231156926,3,2
4831,487651040,1,1
4832,487651045,1,1
4833,2303031023,1,1
4834,21296880,1,1
4835,2303031024,1,1
4836,129955573,1,2
4837,21296899,1,1
4838,129955592,2,1
4839,21493515,2,1
4840,2527819535,2,2
4841,5881689882,1,2
4842,2528704289,2,2
4843,2303031081,1,1
4844,130021168,2,2
4845,620338,1,2
4846,60290870,2,1
4847,60290872,1,1
4848,266401599,1,2
4849,403830593,1,1
4850,266401603,1,2
4851,7221442376,1,2
4852,1836775244,1,1
4853,26474328,1,1
4854,26474330,2,2
4855,1099560796,1,1
4856,71759709,1,1
4857,1099560799,2,1
4858,1580169075,2,1
4859,266401655,1,1
4860,468416379,2,1
4861,249788321,2,1
4862,3164272556,2,1
4863,3164272558,2,1
4864,21133234,1,1
4865,21133235,1,1
4866,2406774712,1,1
4867,60585913,1,1
4868,128961,2,1
4869,128963,1,2
4870,128969,1,1
4871,128970,1,2
4872,128971,2,1
4873,244971465,1,1
4874,33617876,2,1
4875,21297111,1,2
4876,248707031,1,2
4877,297498589,1,1
4878,297498592,2,2
4879,244971488,1,1
4880,297498596,1,2
4881,129001,1,2
4882,129002,2,1
4883,21297142,1,1
4884,248707078,1,1
4885,620552,2,1
4886,248707081,1,1
4887,248707095,2,1
4888,322598936,2,3
4889,256014367,2,1
4890,620577,2,1
4891,25032743,2,2
4892,25032746,2,2
4893,129071,2,1
4894,21297199,1,2
4895,129077,2,1
4896,33617976,2,1
4897,129082,1,2
4898,2303031354,1,1
4899,177469506,1,2
4900,25032774,2,2
4901,129095,1,2
4902,129100,1,2
4903,178878546,2,1
4904,3179509846,1,1
4905,562788450,1,2
4906,3314317412,2,2
4907,129129,2,1
4908,25720941,1,1
4909,25720943,2,1
4910,24508531,1,2
4911,25720947,2,2
4912,129141,1,2
4913,242710644,1,1
4914,24508536,4,4
4915,24508539,1,1
4916,266401916,2,2
4917,266401917,1,1
4918,242710651,2,2
4919,24508544,2,1
4920,129152,2,1
4921,129155,1,2
4922,24508557,2,1
4923,60881039,2,1
4924,484702351,1,2
4925,24508561,1,2
4926,24508569,1,1
4927,129177,1,2
4928,129178,2,1
4929,129180,1,2
4930,129181,2,1
4931,266401950,1,2
4932,266401949,2,1
4933,129194,2,1
4934,147912875,2,1
4935,590608554,1,1
4936,129197,1,2
4937,129210,1,1
4938,129211,1,1
4939,266401981,1,1
4940,60881090,1,2
4941,1554741448,1,1
4942,266401993,1,2
4943,266401995,2,1
4944,1554741451,1,1
4945,129230,1,2
4946,562788560,2,1
4947,129231,2,1
4948,129234,2,1
4949,562788563,1,2
4950,21297366,1,1
4951,562788566,2,1
4952,255883485,1,1
4953,255883486,2,2
4954,255883488,2,2
4955,129256,2,1
4956,2095872232,1,1
4957,129258,2,1
4958,177666279,2,1
4959,60881136,1,1
4960,27457777,2,2
4961,2095872246,1,1
4962,2166749428,1,1
4963,2166749426,1,1
4964,27457786,1,1
4965,309229821,2,3
4966,25032962,2,1
4967,129293,2,1
4968,926087439,2,2
4969,60881171,1,1
4970,248477972,1,1
4971,2180938009,1,1
4972,926087453,1,2
4973,60881193,2,1
4974,60881202,1,2
4975,31226164,2,1
4976,180156731,2,1
4977,265648446,1,1
4978,96467270,2,1
4979,60684618,2,1
4980,325965,1,1
4981,60881230,2,1
4982,178878803,2,1
4983,60881238,2,2
4984,325977,1,1
4985,926087513,2,1
4986,248215902,1,1
4987,129377,2,1
4988,248215905,1,1
4989,2019785065,2,2
4990,129385,1,2
4991,129386,1,2
4992,129390,2,1
4993,599980398,1,1
4994,60881266,1,2
4995,2410314106,2,3
4996,335378817,3,2
4997,60881292,1,2
4998,60881295,2,1
4999,178911631,1,1
5000,326036,1,1
5001,326042,1,1
5002,60881314,1,2
5003,1122433461,1,1
5004,129483,2,1
5005,583891406,2,2
5006,2718171,1,2
5007,1282472421,2,2
5008,305789414,1,1
5009,2152921585,1,2
5010,82737654,1,2
5011,268499446,1,1
5012,414218746,1,1
5013,129540,1,1
5014,436599301,1,1
5015,129543,1,2
5016,129544,2,1
5017,129545,2,1
5018,1575418404,2,2
5019,129573,1,2
5020,24836651,1,2
5021,251820588,2,1
5022,2152921644,1,1
5023,256408115,1,1
5024,256408118,2,2
5025,256408121,2,3
5026,227903,1,2
5027,3317496396,1,1
5028,3317496397,2,2
5029,21690967,1,2
5030,38435415,1,1
5031,21690972,2,1
5032,129628,1,1
5033,129633,1,1
5034,21690978,1,2
5035,129637,2,1
5036,129639,1,2
5037,38435440,2,1
5038,38435442,2,1
5039,90798709,2,1
5040,364837494,1,1
5041,129667,2,1
5042,129670,2,1
5043,1412397715,2,1
5044,21297817,1,1
5045,129690,2,1
5046,412383912,1,1
5047,412383916,1,1
5048,412383917,1,1
5049,412383922,1,1
5050,25033396,1,1
5051,25033399,2,2
5052,412383929,1,1
5053,20970170,1,2
5054,129956543,1,1
5055,160398021,2,2
5056,251820756,1,1
5057,1048902370,2,2
5058,129771,2,1
5059,129774,2,2
5060,129777,1,1
5061,129778,1,2
5062,129781,2,2
5063,2073459445,1,2
5064,2073459446,1,2
5065,129785,1,1
5066,3165747964,1,2
5067,255949571,1,1
5068,255949576,1,1
5069,255949582,1,1
5070,2073459488,1,1
5071,33553195,1,1
5072,33553198,2,1
5073,2573400914,1,1
5074,180157269,1,2
5075,2073459554,2,1
5076,310934373,2,2
5077,129902,2,2
5078,129903,2,3
5079,2073459566,2,2
5080,3824778094,1,1
5081,1370487665,3,2
5082,129911,2,1
5083,1370487674,2,3
5084,282393478,1,1
5085,1537342344,1,1
5086,129934,1,2
5087,129935,2,1
5088,129937,2,1
5089,3824778135,1,1
5090,1774287768,2,2
5091,129950,1,1
5092,1537342368,2,2
5093,1537342374,1,1
5094,3837066157,2,2
5095,70450102,1,1
5096,331480006,1,2
5097,561052616,1,1
5098,281410506,1,1
5099,277674965,1,1
5100,809204700,1,1
5101,819690473,1,1
5102,34438121,1,1
5103,2073459691,2,2
5104,177470450,1,1
5105,2073459705,2,1
5106,2718721,1,1
5107,539786241,1,1
5108,2718731,1,1
5109,479099922,2,1
5110,310934553,1,1
5111,21298202,1,2
5112,130077,2,2
5113,310934558,2,2
5114,257588255,1,2
5115,1547861025,1,1
5116,130082,3,2
5117,130081,2,3
5118,130105,1,2
5119,177634369,1,1
5120,130114,2,1
5121,130122,1,2
5122,1358003274,2,2
5123,177568844,2,1
5124,130125,1,1
5125,819690576,1,1
5126,130131,2,3
5127,130132,2,3
5128,130134,2,2
5129,257588307,1,1
5130,130138,2,2
5131,20970587,1,2
5132,1358003299,1,1
5133,326757,1,1
5134,326760,1,1
5135,191691881,2,2
5136,191691884,2,2
5137,1685814399,1,2
5138,2163557294,2,2
5139,191691915,1,2
5140,492829835,1,2
5141,231832742,2,2
5142,24902838,1,2
5143,312802493,1,1
5144,271383747,1,1
5145,257588458,2,1
5146,653950200,1,2
5147,712375567,1,1
5148,2140962077,2,2
5149,1646296353,1,1
5150,1059847463,1,1
5151,7437618,2,1
5152,70909241,1,1
5153,1075903808,1,1
5154,21495115,1,2
5155,70909264,1,1
5156,26559447,1,2
5157,70909267,1,2
5158,160398690,1,2
5159,177470822,2,1
5160,3291839850,2,1
5161,247364973,2,1
5162,1646296429,1,1
5163,3291839857,1,1
5164,2719111,2,1
5165,1646296456,2,1
5166,251428232,2,2
5167,1598684558,1,1
5168,1646296464,2,2
5169,257883537,2,2
5170,251428240,3,2
5171,248184212,2,2
5172,248184221,2,1
5173,248184234,1,2
5174,265649581,2,1
5175,265649582,1,2
5176,12778929,1,1
5177,265649588,2,2
5178,12778934,2,2
5179,12778935,2,1
5180,1646296507,1,2
5181,265649596,2,1
5182,747044287,1,1
5183,21495237,2,1
5184,21298629,2,1
5185,231243209,1,1
5186,1646296524,2,2
5187,2739338707,2,2
5188,665845203,1,1
5189,231243234,1,1
5190,177470950,2,2
5191,320372200,1,1
5192,305790441,1,1
5193,177470952,1,2
5194,293502449,2,2
5195,1932788,1,1
5196,1899789817,2,2
5197,1899789823,1,1
5198,18021891,1,2
5199,160398857,2,1
5200,1791491602,1,1
5201,18021911,1,2
5202,293502497,1,1
5203,1899789860,1,1
5204,21495340,1,2
5205,177569330,2,2
5206,177569334,2,2
5207,1661566523,1,2
5208,7047151167,3,2
5209,18021952,2,1
5210,7047151172,2,3
5211,7047151175,3,2
5212,7047151180,2,2
5213,18021976,1,1
5214,294190693,2,2
5215,747044454,1,1
5216,294190712,2,2
5217,244121232,1,2
5218,178978452,1,1
5219,178978456,2,2
5220,2348973725,1,1
5221,26869408,1,1
5222,26869409,1,1
5223,178978466,2,1
5224,26869411,1,1
5225,26869410,1,1
5226,178978472,1,2
5227,275873449,1,2
5228,178978478,1,1
5229,214007473,1,1
5230,178978481,2,2
5231,178978483,1,2
5232,178978493,2,1
5233,26869438,1,1
5234,732069565,1,1
5235,390987462,2,2
5236,1732705991,1,2
5237,21724889,1,2
5238,3252584155,2,2
5239,21724896,1,2
5240,21724901,1,2
5241,1307868904,1,1
5242,21724904,2,2
5243,191954667,2,2
5244,21724907,1,1
5245,21724909,2,2
5246,21724910,2,1
5247,21724913,2,1
5248,21724917,1,2
5249,301760257,2,1
5250,214007565,2,1
5251,320077582,1,1
5252,267058977,2,2
5253,248643363,3,2
5254,249326581,1,1
5255,60161846,1,2
5256,27164474,1,2
5257,248708935,1,2
5258,17071951,1,1
5259,255950674,1,1
5260,255950679,1,1
5261,255950680,1,1
5262,17071968,2,2
5263,107642722,1,1
5264,177635173,2,1
5265,6238142313,2,1
5266,274825066,2,2
5267,248708969,1,1
5268,290848621,2,2
5269,274825071,2,2
5270,248708979,1,1
5271,21299061,1,2
5272,177635198,2,2
5273,364314500,1,1
5274,177569672,1,2
5275,247365525,1,1
5276,1661566873,1,1
5277,2066022302,1,1
5278,248709023,2,1
5279,248709027,1,2
5280,1448542120,1,1
5281,301760430,2,1
5282,17203139,2,1
5283,257884103,2,2
5284,248709071,1,1
5285,248709078,1,1
5286,2929885145,1,1
5287,1448542169,1,1
5288,274825180,2,2
5289,274825184,2,1
5290,278527972,2,2
5291,5564039141,1,1
5292,472317929,2,2
5293,17203179,2,2
5294,3866951662,1,1
5295,248709104,2,1
5296,269746165,2,2
5297,12779516,1,1
